CustomerID,FirstName,LastName,Email,Phone,Address,City,Country,RegistrationDate
af0b633d-9ed2-013d-d892-633875951481,Jammie,Glasscoe,jammie.glasscoe@voila.fr,6284801-4178874,1866 Brandy Street,Hongchuan,China,2024-03-01T23:52:36+00:00
e86d471f-2e53-1dab-1a30-baf5a3453542,Armin,Castlake,armin.castlake@gmail.com,+08-3380,3666 Day Drive,Xingdian,China,2024-03-06T06:11:04+00:00
d93a7c01-bcf3-5fd7-c16b-e946c6571bdf,Keene,Corbally,keene.corbally@gmail.com,54579380597080,14418 West Street,Kinh Môn,Vietnam,2023-10-30T15:46:07+00:00
9bf8e7e9-7712-b4a4-2377-dfa8ff4d0da3,Mace,MacGettigen,mace.macgettigen@gmail.com,-6584649418-39-,14895 Zadora Lane,München,Germany,2024-03-22T22:06:39+00:00
dbbd383c-1698-f8be-c77a-0a6a3b9c4e3c,Damara,Prendergrast,damara.prendergrast@yahoo.com,+17736-235,14817 Yardham Terrace,Sekondi-Takoradi,Ghana,2024-04-27T03:12:57+00:00
199ea0cb-e6f9-3f25-2734-3b1a911e0948,Drud,Dodimead,drud.dodimead@hotmail.com,052-2964836634,5933 Halsey Terrace,Quba,Azerbaijan,2024-01-26T16:13:34+00:00
44d311a3-2bbc-db21-1f25-b6b6c4751eac,Violet,Parry,violet.parry@windstream.net,+3795103115010,7772 Kurtz Lane,Pacatuba,Brazil,2024-01-30T08:46:43+00:00
c3e3bc21-38d2-b981-ec1d-998ed3316434,Derrik,Hattoe,derrik.hattoe@gmx.de,6-52323738,5939 Halstead Terrace,Shiyu,China,2023-11-01T20:31:32+00:00
b2034704-b0e0-5a63-d034-5b8d3fadc022,Caz,Strowthers,caz.strowthers@gmail.com,20414-6-981-69,13636 Trussler Terrace,Swiętajno,Poland,2024-04-02T01:41:35+00:00
dc284673-2380-efa4-6fd3-0fc1b0a61554,Nichols,Breeder,nichols.breeder@yahoo.com,7-2-611289,454 Anderson Court,Duque de Caxias,Brazil,2024-04-19T17:00:40+00:00
1d2de01b-71a1-8250-eedc-c68538e36d1e,Mariam,Hinksen,mariam.hinksen@yahoo.com,+7021668924,1102 Bartow Lane,Lewotukan,Indonesia,2024-07-22T01:01:56+00:00
bc730ffc-ba88-8ead-a8a7-9106eca4a656,Meir,McGeraghty,meir.mcgeraghty@hotmail.com,530-4890-379670,2272 Callihan Court,Nowshahr,Iran,2024-05-22T22:11:17+00:00
ef27c928-81b5-3cad-ab13-25ee0934c339,Lotti,Sidwick,lotti.sidwick@hotmail.com,0916694953-247,10980 Pleasant View Place,Qiling,China,2024-08-15T17:17:55+00:00
f94ded10-d432-8171-6a94-cd6635261500,Nestor,Bathoe,nestor.bathoe@gmail.com,+06361-0389,5250 Fuentez Avenue,Grazhdanka,Russia,2024-02-14T15:28:31+00:00
6687cbbd-aae3-33b3-6cd8-3dd01ae26a45,Desiri,Koppen,desiri.koppen@gmail.com,00516713,617 Ardson Avenue,Las Varas,Argentina,2024-01-18T03:45:34+00:00
232eb26e-774f-a513-befe-b14bc855ad1d,Francine,Janak,francine.janak@yahoo.com,665907548,14664 Winnsboro Drive,Angered,Sweden,2024-07-26T01:28:16+00:00
aaadf2ba-7dac-c17e-f361-5d5b59efc65a,Burty,Happer,burty.happer@yahoo.com,+3013327966-528,10950 Placida Terrace,Montes,Portugal,2024-05-21T06:56:51+00:00
870d0f06-6e62-b448-531d-0fd138e52bf4,Whitney,McClune,whitney.mcclune@hotmail.com,9-226-5784,987 Bancroft Place,Knyazhichi,Ukraine,2023-10-13T03:53:41+00:00
a510ee53-0c5f-ee02-c967-f7214a6ad162,Patrice,Kunrad,patrice.kunrad@yahoo.com.br,4-50247,5473 Gibson Avenue,Linglong,China,2024-03-25T15:49:36+00:00
d351f689-91c6-e1b2-7629-447ca972d3d5,Gabie,Pietranek,gabie.pietranek@gmail.com,+25913-94,8927 Mathern Avenue,Slobodnica,Croatia,2023-12-21T02:02:47+00:00
51531fd0-355a-02bb-14fe-9dff26f44ebe,Timoteo,Frenzel;,timoteo.frenzel;@hotmail.com,+2386646969148,7040 Jemima Avenue,Pacapausa,Peru,2024-06-06T21:49:49+00:00
6408ae5e-cc8d-96c4-26a2-d5b13d7ab7f4,Roxine,Butterwick,roxine.butterwick@hotmail.com,+8792195,6496 Horseshoe Lane,Shalizhai,China,2024-01-01T05:59:06+00:00
db353c36-e5ac-9cde-0814-cf3952009fdd,Ashlen,Mompesson,ashlen.mompesson@gmail.com,+41-6087,3723 Deer Run Avenue,Jeonju,South Korea,2023-11-01T10:13:24+00:00
544c8b58-4709-7916-90cd-67e5fc7e789d,Orelia,Girton,orelia.girton@gmail.com,71315324,7960 Langley Loop,Villa Florida,Paraguay,2024-01-20T11:35:04+00:00
61d52c76-71e2-14dd-166e-7d0eda564d20,Jerrine,Ganning,jerrine.ganning@yahoo.com,+897-493647386,3813 Deming Avenue,Yongchang,China,2024-01-26T06:17:53+00:00
18cd7e5b-52ad-3574-45e7-d2f658fb096c,Helga,Guilaem,helga.guilaem@gmail.com,+03907339323-7,14675 Winton Court,Montasik,Indonesia,2024-03-11T04:49:06+00:00
3c93aa84-e4a3-a279-782f-7dcac68b9cb6,Hillery,Targe,hillery.targe@yahoo.com,3156143733124,14200 Waldo Terrace,Bang Yai,Thailand,2023-10-31T08:37:21+00:00
ca55074e-f67f-5cfa-aa71-9e7b4b4acb0c,Gilles,Sent,gilles.sent@laposte.net,5-2852116952049,12730 Southport Street,Xiaolongmen,China,2024-03-25T06:21:05+00:00
92bda4a7-a868-e180-e2cd-c572625361b5,D'arcy,Habishaw,d'arcy.habishaw@hotmail.com,+447160833291787,2132 Burleigh Place,Liutangting,China,2024-05-15T07:27:21+00:00
dae65f8f-650a-4b8a-652a-36610664eefe,Isador,Wrench,isador.wrench@yahoo.com,+1279626884284,304 Aloha Way,Porto Velho,Brazil,2023-09-17T03:42:33+00:00
e2bddc14-e60b-4e05-2c09-21a152a393eb,Caprice,Bauduccio,caprice.bauduccio@yahoo.com,3526869-5690869,13480 Torri Terrace,Orléans,France,2023-10-05T13:07:48+00:00
e60f0724-8196-526b-c5eb-d604f6172893,Betsey,Mapplebeck,betsey.mapplebeck@yahoo.co.in,+041716-99-68,11624 Rio Grande Avenue,Lumbang,Philippines,2024-07-18T06:52:40+00:00
474df67f-856b-aa0a-93b9-3840d171414f,Zoe,Conroy,zoe.conroy@yahoo.com,4--4-97-9008901,562 Aquino Lane,Kujang-ŭp,North Korea,2024-04-08T18:23:42+00:00
71c8af32-6066-bd87-ff61-fbcf47abf64f,Konstantin,Comolli,konstantin.comolli@hotmail.com,6-293245273830,14127 Viola Court,Laoxialu,China,2023-12-28T03:40:34+00:00
9ca4fb95-c2d9-4839-a38f-13bb279c950a,Flinn,Sholem,flinn.sholem@live.fr,-004-1766,3519 Cynthia Street,Lakha Nëvre,Russia,2023-10-06T02:10:36+00:00
46d63d1f-dac6-953e-02b3-59a97efe1597,Emmery,Pollak,emmery.pollak@gmail.com,0553-1123,12755 Spencer Avenue,Guangfu,China,2023-10-19T18:28:40+00:00
cbedc30a-6fb9-82f9-2524-983b3395b337,Raimund,Orbine,raimund.orbine@hotmail.com,+4-0587-,4674 Euclid Terrace,Netolice,Czech Republic,2024-07-17T09:50:16+00:00
4c3f1ea3-9897-3041-38f6-e4a462ca3182,Randi,Lodden,randi.lodden@hotmail.it,+-90597564,9973 Northbrook Place,Juncheng,China,2024-07-01T14:03:50+00:00
fab849ad-d753-8b12-42c4-fd6b48da1540,Kristos,Thoresbie,kristos.thoresbie@verizon.net,0697319-57,2681 Cecilia Court,Aveiro,Portugal,2024-04-23T19:23:18+00:00
ae33f164-0453-f944-ae02-04d4233e8703,Pebrook,Buscombe,pebrook.buscombe@yahoo.com,70-98427098-7,13127 Sydney Court,Oliveira,Portugal,2024-09-05T16:57:58+00:00
b193a3de-7a87-5b1e-bd3a-738c8003d228,Melvyn,Andresser,melvyn.andresser@yahoo.com,929081737141-52,3449 Cristo Road,Mudanjiang,China,2024-05-17T19:05:57+00:00
2a291737-1980-c65a-dff3-2d44030c1633,Avis,Branch,avis.branch@hotmail.com,82--77815705,42 Abercorn Court,Datarkadu,Indonesia,2024-08-30T14:59:54+00:00
90fae0c1-9423-e81d-e2e0-7d20c22db018,Shandy,Skouling,shandy.skouling@hotmail.com,080851128,9873 Newcastle Avenue,Alma,Canada,2023-11-28T15:22:55+00:00
6d835752-84c9-56ae-1221-c8e851171979,Caryn,Vondrasek,caryn.vondrasek@yahoo.com,142891-969,4284 Eastfield Path,Kawit,Philippines,2024-03-03T17:55:26+00:00
6be1c7ce-a0e4-708a-9a9e-50193b87c254,Kaleb,Cleave,kaleb.cleave@gmail.com,+6215805,7377 Katie Keith Loop,Waterbury,United States,2024-02-03T02:14:44+00:00
27290618-4d93-717e-d89b-5e9aeb99ad59,Agneta,Beeres,agneta.beeres@yahoo.com,+37315835-2-64,13919 Vance Trail,Komi,Indonesia,2024-03-18T17:50:07+00:00
2318e571-447f-0703-7e57-fae96508ec3e,Aloysius,Mossop,aloysius.mossop@cox.net,+804-91150739,3714 Debra Drive,Achiaman,Ghana,2023-10-31T23:00:24+00:00
4fd75c6b-d5b8-1c7a-087c-08a89e506854,Judy,Tynewell,judy.tynewell@yahoo.com,268110966929,2264 Callaway Drive,Wesoła,Poland,2024-04-03T14:51:26+00:00
ac58d343-a3df-6cb6-88a4-dd9c4d65c876,Caddric,Wardlow,caddric.wardlow@yahoo.com,+252240-7881-44,1091 Mount Croghan Trail,Maqbanah,Yemen,2024-05-30T23:20:24+00:00
4742cb27-ba31-8dd4-b583-cc5aab1fbd02,Almeria,Templeton,almeria.templeton@gmail.com,0351-41,9606 Gibbes Way,Orlu,Nigeria,2023-09-26T07:56:46+00:00
c9564c18-c3f7-f350-544b-f24fe82928bd,Arni,Oehm,arni.oehm@yahoo.com,+3-00413,5468 Omega Street,Jaruco,Cuba,2024-04-21T21:01:26+00:00
bb7e73b3-7284-04f6-6e14-a66e81947679,Aaron,Stanbury,aaron.stanbury@gmail.com,+6155316,10207 Mossy Oak Drive,Poste du Lac,Vietnam,2024-07-19T18:55:51+00:00
f9beecfa-f0a8-f01b-5508-bfbb26444416,Tilly,Marjoram,tilly.marjoram@hotmail.com,+70804961909174,9587 Collins Court,Jabranti,Indonesia,2024-04-04T03:31:04+00:00
9e08f8b0-a8e6-a992-6cb9-d72602977613,Domenic,Grayshan,domenic.grayshan@shaw.ca,+80-75900-763,3138 Ricardo Avenue,Jiangzhou,China,2024-06-24T10:52:20+00:00
9eaf683a-0d18-b825-a705-d75eb8a7c09e,Edwin,Pidgin,edwin.pidgin@gmail.com,5344640,11537 Silver Oak Avenue,Star’,Russia,2024-01-26T22:46:54+00:00
99797342-84f6-f082-e42c-131c5cc405e3,Calida,Killeen,calida.killeen@yahoo.com,1792573,12559 Heathrow Avenue,Sélestat,France,2024-09-09T18:57:27+00:00
c4da30df-5823-d6f7-049c-c94247bd5148,Steve,Whaymand,steve.whaymand@hotmail.fr,-6484-8302-47,6169 Caribou Way,Handegate,China,2024-04-08T10:58:28+00:00
a68d2fc1-e248-4a8c-b999-560fc2fd08c5,Michel,Ackland,michel.ackland@uol.com.br,+88--0893541,2431 Tangelo Lane,Várzea Grande,Brazil,2024-08-18T10:35:56+00:00
96542b98-5caa-f86e-783e-f20296e67a5f,Tommi,Enden,tommi.enden@yahoo.co.uk,526896728803,13192 Viewpoint Terrace,Tournan-en-Brie,France,2024-02-10T12:14:58+00:00
45221fff-b147-b993-1e75-b364f0c96497,Carol,Campanelli,carol.campanelli@gmail.com,+94-872163997,14091 Huffman Court,Venlo,Netherlands,2023-10-02T06:53:26+00:00
04b6f057-9c60-dc0f-463e-d9dee9af2d4e,Perry,Stute,perry.stute@gmail.com,+10788006251,6565 Figwood Loop,Huifa,China,2023-11-22T11:02:59+00:00
2a4f242f-bd17-329f-419e-ec7f96a3d2c5,Jen,Swiers,jen.swiers@yahoo.com,+286089-,4924 Grove Terrace,Danilov,Russia,2023-10-27T13:33:06+00:00
5df0f589-576a-c37f-4dd1-4c3f501baf8d,Elvira,Inglesfield,elvira.inglesfield@gmail.com,727900517888,6017 Filone Lane,Olocuilta,El Salvador,2024-01-28T23:00:59+00:00
2a94edd8-5103-95cb-693c-3a4459f59e57,Hyacinthia,Jouanet,hyacinthia.jouanet@gmail.com,+--1196057,5795 Boardroom Trail,Kolodeznyy,Russia,2023-11-07T18:11:28+00:00
29c5dc6f-06e6-7465-5fd6-40fa3969f4c7,Crysta,Duffell,crysta.duffell@sbcglobal.net,60297999844979,4933 Richland Road,Ranisoba,Indonesia,2024-07-01T20:01:02+00:00
18531f0b-3055-12e5-dffb-a8fe3796a78a,Leonidas,Kersaw,leonidas.kersaw@hotmail.com,6224819-1835,1641 Royal Palm Avenue,Białośliwie,Poland,2024-02-28T08:00:15+00:00
f226b321-76e4-a6a3-1fec-96df8319f5d3,Christoper,Jesteco,christoper.jesteco@ymail.com,1552418657,11565 Oppenheimer Court,Sísion,Greece,2024-03-21T05:23:36+00:00
29a95776-34f6-6204-4f0a-e2cfb0b6259d,Layney,Eliot,layney.eliot@gmail.com,+315-6297,11862 Cedar Waxwing Drive,Tucson,United States,2024-05-23T14:47:02+00:00
166af339-7087-f245-9981-cbbc3aee01c2,Zitella,Aleksidze,zitella.aleksidze@wanadoo.fr,217-6536,10236 Hood Place,Olupona,Nigeria,2023-11-10T17:46:51+00:00
13b49dbd-0962-d750-4899-b34d0229338c,Brina,Slark,brina.slark@yahoo.fr,+55-0695-22,2703 Abana Path,Unquillo,Argentina,2023-09-16T07:19:05+00:00
122e6e33-c221-6af7-88e3-3e62195fd5a9,Jacinthe,Rodbourne,jacinthe.rodbourne@yahoo.com,-7608-5-45,6477 Mallory Hill Drive,Paobokol,Indonesia,2023-10-09T23:47:14+00:00
fab0364e-0f4e-e335-40f0-dea6390a3322,Eldredge,Spowart,eldredge.spowart@hotmail.it,+8-7123034,12 Brantley Street,Ash Sharyah,Yemen,2024-06-08T14:15:45+00:00
939a508b-75bc-5864-a2ec-8899194fae31,Ainslie,Saiz,ainslie.saiz@yahoo.com,40264-2,8650 Adamsville Avenue,El Porvenir,Mexico,2024-08-15T22:13:10+00:00
51ef2439-6a1a-a100-e95d-37a90f3161c0,Dermot,de Merida,dermot.de merida@gmail.com,+67-0754346-42,1876 Bernay Court,Mauraro,Philippines,2023-09-26T18:43:10+00:00
3e38c009-8283-86a1-0f86-d7a767da688b,Quincey,Gubbins,quincey.gubbins@hotmail.com,+583-181--,83 Parksville Path,Hà Tiên,Vietnam,2024-08-20T14:13:02+00:00
203b65e1-0478-e9f0-0917-d2053b0bd354,Velma,Nester,velma.nester@gmail.com,+7919088,1400 Colleton Court,Beixiaoying,China,2024-08-05T06:09:14+00:00
aa2e3644-bc02-7d6a-9a3d-6ea7ffa8b920,Ernie,Arthy,ernie.arthy@hotmail.com,+-817--59-1950,10561 Heather Way,Smålandsstenar,Sweden,2024-05-04T15:00:21+00:00
7a42b406-0244-7bee-72ca-70e14252b6b4,Cob,Zamora,cob.zamora@hotmail.com,43250528--049,3132 West Boone Court,Shunhe,China,2023-10-20T17:39:41+00:00
558b2dc7-57c4-dfe3-5381-c262206bb774,Reinald,Ballendine,reinald.ballendine@gmail.com,+338954-,6158 Evergreen Court,Basa,Philippines,2024-03-27T13:20:44+00:00
2e720c32-0d03-4c63-5802-7d1601544c76,Robby,Sorrell,robby.sorrell@gmail.com,09508467362,14398 Kevin Place,Soldato-Aleksandrovskoye,Russia,2023-12-11T07:44:56+00:00
901779f9-e7bc-bc2c-f4e6-829da3bd5fb4,Franzen,Kalewe,franzen.kalewe@outlook.com,0350976,4741 Ellenton Run,Kawm Ḩamādah,Egypt,2023-10-23T03:21:29+00:00
beb9fa2d-eb1e-1166-b251-536c0fb6ed88,El,Muckle,el.muckle@hotmail.co.uk,+46078----1,7544 Cottonwood Terrace,Cumba,Peru,2024-02-04T10:16:37+00:00
d59e6a50-c3f1-0f67-0ce1-c6dc9b559417,Beniamino,Paybody,beniamino.paybody@yahoo.com,9-17481346,4460 Hamilton Place,Negombo,Sri Lanka,2024-02-04T17:37:10+00:00
7984be29-fb2d-655c-4ef4-40027912ffd9,Margo,Espin,margo.espin@hotmail.com,04-61986918638,3334 Pisano Way,Gunungkencana,Indonesia,2024-05-27T18:17:16+00:00
9fa15f3f-75e6-438c-363a-d5fc2c5b303b,Jonah,Cronkshaw,jonah.cronkshaw@gmail.com,+6705-02--43611,5947 Zaragoza Place,Heping,China,2024-07-27T17:31:08+00:00
455a2891-db8e-5075-e158-f7c0ec0d93a0,Arny,Jahnisch,arny.jahnisch@live.fr,+23192479605,10929 Montbrook Place,Yarumela,Honduras,2023-12-17T23:40:12+00:00
aadcbd20-de0d-790b-818a-bba13c730f73,Elliot,Lindores,elliot.lindores@hotmail.com,304-1292113068-,14912 Ewing Avenue,Brooklyn,New Zealand,2023-09-20T12:32:43+00:00
5a786054-5f05-5b7c-a4f0-08e389499ee2,Nomi,Benford,nomi.benford@hotmail.com,8-04205012-4,9480 Yardham Terrace,Texíguat,Honduras,2024-06-14T18:50:22+00:00
0a5af3ef-c8f4-af97-53fd-5fd6973369a6,Marylee,Charopen,marylee.charopen@hotmail.com,+2513556-9,4760 Boss Court,Payabon,Philippines,2024-02-17T10:47:56+00:00
50b1598f-bbb4-63e7-5d6d-a46bb4ce8f64,Giuseppe,Eisikovitsh,giuseppe.eisikovitsh@hotmail.com,+55428470-7750-,14815 Ulelah Street,Jiaxing,China,2024-07-19T06:13:30+00:00
7785937b-43d0-e490-677f-f581cd868137,Terry,Lowndesbrough,terry.lowndesbrough@hotmail.fr,295228830,6696 Clark Court,Guta,China,2024-07-15T16:07:25+00:00
453c5e21-89d6-d511-5c99-1e6f76555cf2,Washington,Butner,washington.butner@yahoo.in,165303-383-,1730 Shamp Street,Santa Maria,Mexico,2024-04-07T00:49:44+00:00
ee54b6b9-09da-9b3f-bc81-a2041d5d786b,Roxane,Pettegre,roxane.pettegre@hotmail.fr,5601736,13739 Guarino Lane,Åhus,Sweden,2024-07-09T22:14:27+00:00
9fc0d5a4-0c71-fd80-32b1-30725528c514,Daisey,Dinneen,daisey.dinneen@yahoo.com,6654405,3009 Greensboro Avenue,Peskovka,Russia,2024-03-27T15:41:49+00:00
aa2a6526-b694-8f00-713f-381942c08172,Cornie,Tonkes,cornie.tonkes@yahoo.com,+-05513-1,12415 Cruz Court,Permas,Indonesia,2023-11-21T06:44:14+00:00
e0add9cc-ec4e-effd-6c14-104653f8cd34,Albina,Alenikov,albina.alenikov@gmail.com,0008171371,5810 Astoria Avenue,Oldřišov,Czech Republic,2024-07-04T19:28:37+00:00
df7c30b4-e751-fef0-3ea0-ba44e621fd0a,Nadiya,Pursey,nadiya.pursey@yahoo.co.uk,+42455356836,5732 Gulati Court,Nanzamu,China,2023-10-05T12:34:43+00:00
b0f9b920-55aa-117e-4c44-2ed9a48732d9,Mirella,Peerless,mirella.peerless@hotmail.co.uk,79-185-781967-8,3475 Kensington Place,Bordeaux,France,2024-05-11T20:25:46+00:00
3287dad9-1ce5-0aa3-a624-851c9c4894ce,Darlene,Nisbith,darlene.nisbith@yahoo.com,469-7761522,747 Thornburg Trail,Waerana,Indonesia,2023-10-01T07:34:42+00:00
c5a572f8-f8af-16d8-1969-e18139678a11,Johnnie,McGrey,johnnie.mcgrey@yahoo.com,52767627827,5838 Laufersky Lane,Longwy,France,2024-07-15T06:09:04+00:00
