ReviewID,ProductID,CustomerID,Rating,Comment,ReviewDate
1,1d4bfb4d-fccd-d0fb-4c0a-d3b2b0567806,af0b633d-9ed2-013d-d892-633875951481,1,"Not what I expected, but still okay.",2024-05-18T19:58:06+00:00
2,1d4bfb4d-fccd-d0fb-4c0a-d3b2b0567806,e86d471f-2e53-1dab-1a30-baf5a3453542,3,Will buy again!,2024-02-29T01:05:49+00:00
3,1d4bfb4d-fccd-d0fb-4c0a-d3b2b0567806,d93a7c01-bcf3-5fd7-c16b-e946c6571bdf,2,Excellent value for money.,2024-08-30T19:17:45+00:00
4,1d4bfb4d-fccd-d0fb-4c0a-d3b2b0567806,9bf8e7e9-7712-b4a4-2377-dfa8ff4d0da3,1,I’m happy with my purchase!,2023-09-26T12:38:21+00:00
5,1d4bfb4d-fccd-d0fb-4c0a-d3b2b0567806,dbbd383c-1698-f8be-c77a-0a6a3b9c4e3c,1,"Packaging could be better, but the product is good.",2024-01-11T06:56:26+00:00
6,1d4bfb4d-fccd-d0fb-4c0a-d3b2b0567806,199ea0cb-e6f9-3f25-2734-3b1a911e0948,3,"Packaging could be better, but the product is good.",2024-02-15T05:04:58+00:00
7,1d4bfb4d-fccd-d0fb-4c0a-d3b2b0567806,44d311a3-2bbc-db21-1f25-b6b6c4751eac,2,I had a fantastic experience!,2024-02-07T02:57:02+00:00
8,1d4bfb4d-fccd-d0fb-4c0a-d3b2b0567806,c3e3bc21-38d2-b981-ec1d-998ed3316434,2,"It's just average, nothing special.",2024-04-01T09:34:17+00:00
9,1d4bfb4d-fccd-d0fb-4c0a-d3b2b0567806,b2034704-b0e0-5a63-d034-5b8d3fadc022,3,"It's just average, nothing special.",2024-08-24T04:55:36+00:00
10,1d4bfb4d-fccd-d0fb-4c0a-d3b2b0567806,dc284673-2380-efa4-6fd3-0fc1b0a61554,3,Loved it! Exceeded my expectations.,2023-09-23T06:49:15+00:00
11,1d4bfb4d-fccd-d0fb-4c0a-d3b2b0567806,1d2de01b-71a1-8250-eedc-c68538e36d1e,1,"It's just average, nothing special.",2024-08-26T06:22:39+00:00
12,1d4bfb4d-fccd-d0fb-4c0a-d3b2b0567806,bc730ffc-ba88-8ead-a8a7-9106eca4a656,1,Will buy again!,2024-03-24T17:33:42+00:00
13,1d4bfb4d-fccd-d0fb-4c0a-d3b2b0567806,ef27c928-81b5-3cad-ab13-25ee0934c339,4,I had a fantastic experience!,2024-05-31T09:31:25+00:00
14,1d4bfb4d-fccd-d0fb-4c0a-d3b2b0567806,f94ded10-d432-8171-6a94-cd6635261500,2,"The item arrived late, but it works fine.",2024-03-13T06:01:00+00:00
15,1d4bfb4d-fccd-d0fb-4c0a-d3b2b0567806,6687cbbd-aae3-33b3-6cd8-3dd01ae26a45,3,"Great product, very satisfied!",2023-12-14T01:21:02+00:00
16,1d4bfb4d-fccd-d0fb-4c0a-d3b2b0567806,232eb26e-774f-a513-befe-b14bc855ad1d,4,"It's just average, nothing special.",2024-08-20T08:20:42+00:00
17,1d4bfb4d-fccd-d0fb-4c0a-d3b2b0567806,aaadf2ba-7dac-c17e-f361-5d5b59efc65a,4,"Too many flaws, I wouldn't recommend it.",2024-01-31T11:00:40+00:00
18,1d4bfb4d-fccd-d0fb-4c0a-d3b2b0567806,870d0f06-6e62-b448-531d-0fd138e52bf4,1,"It's just average, nothing special.",2024-03-07T22:07:42+00:00
19,1d4bfb4d-fccd-d0fb-4c0a-d3b2b0567806,a510ee53-0c5f-ee02-c967-f7214a6ad162,4,"Packaging could be better, but the product is good.",2024-06-07T09:24:38+00:00
20,1d4bfb4d-fccd-d0fb-4c0a-d3b2b0567806,d351f689-91c6-e1b2-7629-447ca972d3d5,3,Loved it! Exceeded my expectations.,2024-02-06T15:17:35+00:00
21,1d4bfb4d-fccd-d0fb-4c0a-d3b2b0567806,51531fd0-355a-02bb-14fe-9dff26f44ebe,1,I’m happy with my purchase!,2024-06-14T22:39:06+00:00
22,1d4bfb4d-fccd-d0fb-4c0a-d3b2b0567806,6408ae5e-cc8d-96c4-26a2-d5b13d7ab7f4,4,I had a fantastic experience!,2024-05-12T16:04:13+00:00
23,1d4bfb4d-fccd-d0fb-4c0a-d3b2b0567806,db353c36-e5ac-9cde-0814-cf3952009fdd,1,"Packaging could be better, but the product is good.",2024-05-02T13:14:59+00:00
24,1d4bfb4d-fccd-d0fb-4c0a-d3b2b0567806,544c8b58-4709-7916-90cd-67e5fc7e789d,4,Disappointed with the purchase.,2024-02-11T09:16:23+00:00
25,1d4bfb4d-fccd-d0fb-4c0a-d3b2b0567806,61d52c76-71e2-14dd-166e-7d0eda564d20,1,Will buy again!,2024-09-02T21:26:03+00:00
26,1d4bfb4d-fccd-d0fb-4c0a-d3b2b0567806,18cd7e5b-52ad-3574-45e7-d2f658fb096c,4,"The item arrived late, but it works fine.",2023-11-19T17:38:37+00:00
27,1d4bfb4d-fccd-d0fb-4c0a-d3b2b0567806,3c93aa84-e4a3-a279-782f-7dcac68b9cb6,2,Will buy again!,2024-06-24T07:23:44+00:00
28,1d4bfb4d-fccd-d0fb-4c0a-d3b2b0567806,ca55074e-f67f-5cfa-aa71-9e7b4b4acb0c,1,Loved it! Exceeded my expectations.,2023-11-12T10:19:20+00:00
29,1d4bfb4d-fccd-d0fb-4c0a-d3b2b0567806,92bda4a7-a868-e180-e2cd-c572625361b5,4,Excellent value for money.,2023-10-28T12:39:40+00:00
30,1d4bfb4d-fccd-d0fb-4c0a-d3b2b0567806,dae65f8f-650a-4b8a-652a-36610664eefe,1,"It's just average, nothing special.",2023-10-14T13:20:44+00:00
31,1d4bfb4d-fccd-d0fb-4c0a-d3b2b0567806,e2bddc14-e60b-4e05-2c09-21a152a393eb,2,"It's just average, nothing special.",2024-01-23T12:22:50+00:00
32,1d4bfb4d-fccd-d0fb-4c0a-d3b2b0567806,e60f0724-8196-526b-c5eb-d604f6172893,4,Great support and communication.,2023-09-18T10:34:13+00:00
33,1d4bfb4d-fccd-d0fb-4c0a-d3b2b0567806,474df67f-856b-aa0a-93b9-3840d171414f,1,Disappointed with the purchase.,2024-05-27T14:27:07+00:00
34,1d4bfb4d-fccd-d0fb-4c0a-d3b2b0567806,71c8af32-6066-bd87-ff61-fbcf47abf64f,2,"It's just average, nothing special.",2024-07-04T03:15:04+00:00
35,1d4bfb4d-fccd-d0fb-4c0a-d3b2b0567806,9ca4fb95-c2d9-4839-a38f-13bb279c950a,4,I’m happy with my purchase!,2024-05-29T14:22:08+00:00
36,1d4bfb4d-fccd-d0fb-4c0a-d3b2b0567806,46d63d1f-dac6-953e-02b3-59a97efe1597,3,Excellent value for money.,2023-12-28T23:11:45+00:00
37,1d4bfb4d-fccd-d0fb-4c0a-d3b2b0567806,cbedc30a-6fb9-82f9-2524-983b3395b337,1,"Too many flaws, I wouldn't recommend it.",2024-09-02T20:43:55+00:00
38,1d4bfb4d-fccd-d0fb-4c0a-d3b2b0567806,4c3f1ea3-9897-3041-38f6-e4a462ca3182,1,"Had some issues, but customer support was helpful.",2024-06-09T21:08:20+00:00
39,1d4bfb4d-fccd-d0fb-4c0a-d3b2b0567806,fab849ad-d753-8b12-42c4-fd6b48da1540,3,Excellent value for money.,2024-07-09T05:22:18+00:00
40,1d4bfb4d-fccd-d0fb-4c0a-d3b2b0567806,ae33f164-0453-f944-ae02-04d4233e8703,3,"Had some issues, but customer support was helpful.",2024-03-06T08:49:41+00:00
41,1d4bfb4d-fccd-d0fb-4c0a-d3b2b0567806,b193a3de-7a87-5b1e-bd3a-738c8003d228,2,Will buy again!,2023-11-25T06:36:21+00:00
42,1d4bfb4d-fccd-d0fb-4c0a-d3b2b0567806,2a291737-1980-c65a-dff3-2d44030c1633,4,"Too many flaws, I wouldn't recommend it.",2024-06-28T14:00:37+00:00
43,1d4bfb4d-fccd-d0fb-4c0a-d3b2b0567806,90fae0c1-9423-e81d-e2e0-7d20c22db018,1,I’m happy with my purchase!,2024-07-13T21:38:13+00:00
44,1d4bfb4d-fccd-d0fb-4c0a-d3b2b0567806,6d835752-84c9-56ae-1221-c8e851171979,2,Would definitely recommend to others.,2024-04-16T10:47:14+00:00
45,1d4bfb4d-fccd-d0fb-4c0a-d3b2b0567806,6be1c7ce-a0e4-708a-9a9e-50193b87c254,3,"Too many flaws, I wouldn't recommend it.",2023-12-03T13:08:59+00:00
46,1d4bfb4d-fccd-d0fb-4c0a-d3b2b0567806,27290618-4d93-717e-d89b-5e9aeb99ad59,2,Great support and communication.,2024-04-12T01:15:23+00:00
47,1d4bfb4d-fccd-d0fb-4c0a-d3b2b0567806,2318e571-447f-0703-7e57-fae96508ec3e,3,"Had some issues, but customer support was helpful.",2023-11-25T01:36:51+00:00
48,1d4bfb4d-fccd-d0fb-4c0a-d3b2b0567806,4fd75c6b-d5b8-1c7a-087c-08a89e506854,2,I had a fantastic experience!,2024-04-15T23:00:16+00:00
49,1d4bfb4d-fccd-d0fb-4c0a-d3b2b0567806,ac58d343-a3df-6cb6-88a4-dd9c4d65c876,1,Would definitely recommend to others.,2023-10-22T17:27:14+00:00
50,1d4bfb4d-fccd-d0fb-4c0a-d3b2b0567806,4742cb27-ba31-8dd4-b583-cc5aab1fbd02,1,"Not what I expected, but still okay.",2024-03-09T23:47:03+00:00
51,1d4bfb4d-fccd-d0fb-4c0a-d3b2b0567806,c9564c18-c3f7-f350-544b-f24fe82928bd,3,Loved it! Exceeded my expectations.,2024-07-28T02:46:22+00:00
52,1d4bfb4d-fccd-d0fb-4c0a-d3b2b0567806,bb7e73b3-7284-04f6-6e14-a66e81947679,1,I had a fantastic experience!,2024-02-09T05:29:31+00:00
53,1d4bfb4d-fccd-d0fb-4c0a-d3b2b0567806,f9beecfa-f0a8-f01b-5508-bfbb26444416,1,Would definitely recommend to others.,2023-11-28T15:13:35+00:00
54,1d4bfb4d-fccd-d0fb-4c0a-d3b2b0567806,9e08f8b0-a8e6-a992-6cb9-d72602977613,1,"Not what I expected, but still okay.",2024-05-29T21:28:07+00:00
55,1d4bfb4d-fccd-d0fb-4c0a-d3b2b0567806,9eaf683a-0d18-b825-a705-d75eb8a7c09e,3,Excellent value for money.,2024-04-14T09:00:15+00:00
56,1d4bfb4d-fccd-d0fb-4c0a-d3b2b0567806,99797342-84f6-f082-e42c-131c5cc405e3,2,Excellent value for money.,2023-10-28T08:38:55+00:00
57,1d4bfb4d-fccd-d0fb-4c0a-d3b2b0567806,c4da30df-5823-d6f7-049c-c94247bd5148,1,"The item arrived late, but it works fine.",2023-11-17T06:25:50+00:00
58,1d4bfb4d-fccd-d0fb-4c0a-d3b2b0567806,a68d2fc1-e248-4a8c-b999-560fc2fd08c5,4,I’m happy with my purchase!,2024-04-30T20:03:07+00:00
59,1d4bfb4d-fccd-d0fb-4c0a-d3b2b0567806,96542b98-5caa-f86e-783e-f20296e67a5f,1,"Packaging could be better, but the product is good.",2024-07-30T12:33:28+00:00
60,1d4bfb4d-fccd-d0fb-4c0a-d3b2b0567806,45221fff-b147-b993-1e75-b364f0c96497,4,"Had some issues, but customer support was helpful.",2024-03-06T04:21:56+00:00
61,1d4bfb4d-fccd-d0fb-4c0a-d3b2b0567806,04b6f057-9c60-dc0f-463e-d9dee9af2d4e,1,I had a fantastic experience!,2024-09-11T04:39:42+00:00
62,1d4bfb4d-fccd-d0fb-4c0a-d3b2b0567806,2a4f242f-bd17-329f-419e-ec7f96a3d2c5,1,"Too many flaws, I wouldn't recommend it.",2024-05-05T16:36:52+00:00
63,1d4bfb4d-fccd-d0fb-4c0a-d3b2b0567806,5df0f589-576a-c37f-4dd1-4c3f501baf8d,4,"Too many flaws, I wouldn't recommend it.",2024-05-22T03:39:20+00:00
64,1d4bfb4d-fccd-d0fb-4c0a-d3b2b0567806,2a94edd8-5103-95cb-693c-3a4459f59e57,3,"It's just average, nothing special.",2024-05-09T13:10:18+00:00
65,1d4bfb4d-fccd-d0fb-4c0a-d3b2b0567806,29c5dc6f-06e6-7465-5fd6-40fa3969f4c7,4,"Too many flaws, I wouldn't recommend it.",2024-08-13T02:27:08+00:00
66,1d4bfb4d-fccd-d0fb-4c0a-d3b2b0567806,18531f0b-3055-12e5-dffb-a8fe3796a78a,2,"Had some issues, but customer support was helpful.",2023-12-12T21:26:20+00:00
67,1d4bfb4d-fccd-d0fb-4c0a-d3b2b0567806,f226b321-76e4-a6a3-1fec-96df8319f5d3,1,"It's just average, nothing special.",2024-02-23T19:52:03+00:00
68,1d4bfb4d-fccd-d0fb-4c0a-d3b2b0567806,29a95776-34f6-6204-4f0a-e2cfb0b6259d,3,Will buy again!,2024-08-14T00:44:24+00:00
69,1d4bfb4d-fccd-d0fb-4c0a-d3b2b0567806,166af339-7087-f245-9981-cbbc3aee01c2,2,"Too many flaws, I wouldn't recommend it.",2024-03-07T14:52:02+00:00
70,1d4bfb4d-fccd-d0fb-4c0a-d3b2b0567806,13b49dbd-0962-d750-4899-b34d0229338c,1,I’m happy with my purchase!,2023-12-30T12:00:20+00:00
71,1d4bfb4d-fccd-d0fb-4c0a-d3b2b0567806,122e6e33-c221-6af7-88e3-3e62195fd5a9,2,Disappointed with the purchase.,2023-09-24T23:43:58+00:00
72,1d4bfb4d-fccd-d0fb-4c0a-d3b2b0567806,fab0364e-0f4e-e335-40f0-dea6390a3322,1,I had a fantastic experience!,2023-11-22T04:10:34+00:00
73,1d4bfb4d-fccd-d0fb-4c0a-d3b2b0567806,939a508b-75bc-5864-a2ec-8899194fae31,3,"It's just average, nothing special.",2023-11-15T06:39:58+00:00
74,1d4bfb4d-fccd-d0fb-4c0a-d3b2b0567806,51ef2439-6a1a-a100-e95d-37a90f3161c0,4,"Packaging could be better, but the product is good.",2023-11-16T14:13:02+00:00
75,1d4bfb4d-fccd-d0fb-4c0a-d3b2b0567806,3e38c009-8283-86a1-0f86-d7a767da688b,1,Great support and communication.,2023-09-29T10:02:13+00:00
76,1d4bfb4d-fccd-d0fb-4c0a-d3b2b0567806,203b65e1-0478-e9f0-0917-d2053b0bd354,3,Would definitely recommend to others.,2023-12-08T13:37:11+00:00
77,1d4bfb4d-fccd-d0fb-4c0a-d3b2b0567806,aa2e3644-bc02-7d6a-9a3d-6ea7ffa8b920,3,"It's just average, nothing special.",2023-10-20T01:38:34+00:00
78,1d4bfb4d-fccd-d0fb-4c0a-d3b2b0567806,7a42b406-0244-7bee-72ca-70e14252b6b4,3,"It's just average, nothing special.",2024-06-23T14:57:30+00:00
79,1d4bfb4d-fccd-d0fb-4c0a-d3b2b0567806,558b2dc7-57c4-dfe3-5381-c262206bb774,4,"It's just average, nothing special.",2024-05-01T13:01:50+00:00
80,1d4bfb4d-fccd-d0fb-4c0a-d3b2b0567806,2e720c32-0d03-4c63-5802-7d1601544c76,2,"Packaging could be better, but the product is good.",2023-12-05T07:14:49+00:00
81,1d4bfb4d-fccd-d0fb-4c0a-d3b2b0567806,901779f9-e7bc-bc2c-f4e6-829da3bd5fb4,1,"Too many flaws, I wouldn't recommend it.",2024-05-28T16:58:56+00:00
82,1d4bfb4d-fccd-d0fb-4c0a-d3b2b0567806,beb9fa2d-eb1e-1166-b251-536c0fb6ed88,3,"Too many flaws, I wouldn't recommend it.",2023-10-04T20:34:37+00:00
83,1d4bfb4d-fccd-d0fb-4c0a-d3b2b0567806,d59e6a50-c3f1-0f67-0ce1-c6dc9b559417,4,"Too many flaws, I wouldn't recommend it.",2023-10-12T03:25:15+00:00
84,1d4bfb4d-fccd-d0fb-4c0a-d3b2b0567806,7984be29-fb2d-655c-4ef4-40027912ffd9,3,Would definitely recommend to others.,2024-06-27T12:45:10+00:00
85,1d4bfb4d-fccd-d0fb-4c0a-d3b2b0567806,9fa15f3f-75e6-438c-363a-d5fc2c5b303b,4,Would definitely recommend to others.,2024-07-23T17:10:54+00:00
86,1d4bfb4d-fccd-d0fb-4c0a-d3b2b0567806,455a2891-db8e-5075-e158-f7c0ec0d93a0,4,Excellent value for money.,2024-06-10T17:17:08+00:00
87,1d4bfb4d-fccd-d0fb-4c0a-d3b2b0567806,aadcbd20-de0d-790b-818a-bba13c730f73,4,"Had some issues, but customer support was helpful.",2024-03-15T15:43:42+00:00
88,1d4bfb4d-fccd-d0fb-4c0a-d3b2b0567806,5a786054-5f05-5b7c-a4f0-08e389499ee2,3,Loved it! Exceeded my expectations.,2024-07-04T19:24:28+00:00
89,1d4bfb4d-fccd-d0fb-4c0a-d3b2b0567806,0a5af3ef-c8f4-af97-53fd-5fd6973369a6,3,I had a fantastic experience!,2024-04-24T07:46:34+00:00
90,1d4bfb4d-fccd-d0fb-4c0a-d3b2b0567806,50b1598f-bbb4-63e7-5d6d-a46bb4ce8f64,2,"Packaging could be better, but the product is good.",2024-06-17T21:51:50+00:00
91,1d4bfb4d-fccd-d0fb-4c0a-d3b2b0567806,7785937b-43d0-e490-677f-f581cd868137,1,I had a fantastic experience!,2024-07-31T03:08:52+00:00
92,1d4bfb4d-fccd-d0fb-4c0a-d3b2b0567806,453c5e21-89d6-d511-5c99-1e6f76555cf2,1,I’m happy with my purchase!,2024-09-06T00:45:39+00:00
93,1d4bfb4d-fccd-d0fb-4c0a-d3b2b0567806,ee54b6b9-09da-9b3f-bc81-a2041d5d786b,3,Loved it! Exceeded my expectations.,2024-09-06T20:14:36+00:00
94,1d4bfb4d-fccd-d0fb-4c0a-d3b2b0567806,9fc0d5a4-0c71-fd80-32b1-30725528c514,4,Loved it! Exceeded my expectations.,2024-03-09T14:46:04+00:00
95,1d4bfb4d-fccd-d0fb-4c0a-d3b2b0567806,aa2a6526-b694-8f00-713f-381942c08172,1,Would definitely recommend to others.,2023-11-22T03:45:34+00:00
96,1d4bfb4d-fccd-d0fb-4c0a-d3b2b0567806,e0add9cc-ec4e-effd-6c14-104653f8cd34,2,"The item arrived late, but it works fine.",2024-01-24T02:59:46+00:00
97,1d4bfb4d-fccd-d0fb-4c0a-d3b2b0567806,df7c30b4-e751-fef0-3ea0-ba44e621fd0a,3,Would definitely recommend to others.,2024-03-14T16:11:33+00:00
98,1d4bfb4d-fccd-d0fb-4c0a-d3b2b0567806,b0f9b920-55aa-117e-4c44-2ed9a48732d9,3,"Had some issues, but customer support was helpful.",2024-02-28T18:55:54+00:00
99,1d4bfb4d-fccd-d0fb-4c0a-d3b2b0567806,3287dad9-1ce5-0aa3-a624-851c9c4894ce,1,"Too many flaws, I wouldn't recommend it.",2024-01-24T02:18:03+00:00
100,1d4bfb4d-fccd-d0fb-4c0a-d3b2b0567806,c5a572f8-f8af-16d8-1969-e18139678a11,1,"Great product, very satisfied!",2023-10-18T07:13:44+00:00
