OrderID,CustomerID,OrderDate,TotalAmount,ShippingAddress,Status
d2821a4b-9ad5-f369-659f-bbdccea1e586,af0b633d-9ed2-013d-d892-633875951481,2024-09-06T00:18:05+00:00,9250,377 Amador Place,Delivered
e860f6bb-2fe8-0f7c-f760-8080df0309a7,e86d471f-2e53-1dab-1a30-baf5a3453542,2024-02-14T05:29:50+00:00,9273,14947 Zest Avenue,Refunded
6f089691-722a-8808-e9c9-14bcc107eaec,d93a7c01-bcf3-5fd7-c16b-e946c6571bdf,2024-03-14T15:19:51+00:00,9773,1115 Batally Court,On Hold
cb645cdd-04f6-516f-3c5a-369c3f30ac4b,9bf8e7e9-7712-b4a4-2377-dfa8ff4d0da3,2024-07-14T14:47:36+00:00,9028,4323 Eden Place,Processed
e8f4f68a-0806-10eb-32d7-3dfc864bc66f,dbbd383c-1698-f8be-c77a-0a6a3b9c4e3c,2024-09-03T03:14:18+00:00,354,5300 Gaillard Place,Pending
ff81ac01-108b-bd7c-ba29-c86f3d779ecb,199ea0cb-e6f9-3f25-2734-3b1a911e0948,2024-08-01T01:52:37+00:00,667,1931 Bridgefield Court,Delivered
72dc4e4e-b988-6890-37a1-636ab1cd6de0,44d311a3-2bbc-db21-1f25-b6b6c4751eac,2024-07-03T05:16:07+00:00,8339,11414 Red Cedar Lane,Processed
f1f9f24a-7d3e-3a3f-aeb3-f1eda829f8c1,c3e3bc21-38d2-b981-ec1d-998ed3316434,2023-12-03T16:44:55+00:00,7965,10128 O'Hara Court,Processed
b70acfe6-1eb9-a855-7436-a7e7bf4f4aba,b2034704-b0e0-5a63-d034-5b8d3fadc022,2024-07-01T00:09:38+00:00,157,7097 Jewel Court,Refunded
c291ba44-253f-9b54-85f6-b9ac87dd9135,dc284673-2380-efa4-6fd3-0fc1b0a61554,2024-03-28T04:44:05+00:00,7531,2828 Chavez Court,Refunded
715000a0-d8b5-b236-3ad4-dd7fe70631fd,1d2de01b-71a1-8250-eedc-c68538e36d1e,2024-04-20T19:05:06+00:00,464,7545 Kevin Place,Pending
c64f3450-0ac0-b84f-980d-752d91c9a4fe,bc730ffc-ba88-8ead-a8a7-9106eca4a656,2024-09-09T15:24:16+00:00,6148,10143 Lillywood Court,Processed
3b99975b-feb8-681b-062c-545919038e0d,ef27c928-81b5-3cad-ab13-25ee0934c339,2024-08-01T08:35:18+00:00,225,8245 Bower Lane,Cancelled
d51ee294-dce2-0db0-2eaa-753d7f5f75c8,f94ded10-d432-8171-6a94-cd6635261500,2023-12-11T16:59:08+00:00,174,1774 Sierra Blanca Court,Shipped
0628dfc3-cd76-7b36-42ec-20f4a8ae320e,6687cbbd-aae3-33b3-6cd8-3dd01ae26a45,2024-05-19T05:27:58+00:00,7862,12543 Fay Court,Refunded
3001a06e-496c-b07d-b19d-e8e53435c64d,232eb26e-774f-a513-befe-b14bc855ad1d,2024-05-30T11:51:58+00:00,5379,4845 Gerber Lane,On Hold
6b5c1845-a932-4419-9c2c-dd5d123d0ff4,aaadf2ba-7dac-c17e-f361-5d5b59efc65a,2023-10-31T21:31:15+00:00,6064,5455 Sanibel Court,Processed
5606932a-034d-e622-621e-809762043107,870d0f06-6e62-b448-531d-0fd138e52bf4,2024-07-19T13:55:12+00:00,6623,12149 Lancaster Lane,Cancelled
1762bc4e-ff16-c50a-90b0-716a32add2cd,a510ee53-0c5f-ee02-c967-f7214a6ad162,2023-12-04T23:49:33+00:00,4526,7908 Murrells Inlet Loop,Shipped
68d47599-68bc-1579-c6e2-97e6cacdfb3d,d351f689-91c6-e1b2-7629-447ca972d3d5,2024-02-22T18:38:02+00:00,3394,9667 Nostalgia Terrace,Refunded
810aaec6-b5dc-846a-b8e9-40196d34c42c,51531fd0-355a-02bb-14fe-9dff26f44ebe,2024-07-17T21:50:04+00:00,8607,9992 Flagstone Terrace,Pending
a15a7abe-2593-2d4b-f5c5-e1122e63be23,6408ae5e-cc8d-96c4-26a2-d5b13d7ab7f4,2024-06-02T12:25:31+00:00,3891,4965 Shockoe Circle,Shipped
afa73acb-fe28-83f9-056d-d7f064bca103,db353c36-e5ac-9cde-0814-cf3952009fdd,2023-10-26T21:17:07+00:00,6131,12525 Royal Palm Avenue,Processed
3c3daa95-1d13-ddbf-6fe0-bf2a5c67502d,544c8b58-4709-7916-90cd-67e5fc7e789d,2024-01-14T06:33:36+00:00,5848,11856 Amanda Terrace,Processed
416bfe7f-06a1-9b1d-9925-6f253130b0a3,61d52c76-71e2-14dd-166e-7d0eda564d20,2024-04-28T01:20:51+00:00,4481,377 Palermo Place,Processed
af2bc71b-cc62-504e-d8b2-c8c563c20927,18cd7e5b-52ad-3574-45e7-d2f658fb096c,2024-06-03T18:28:00+00:00,4878,10457 Teakwood Lane,Processed
4e85b063-0714-5cd7-70bb-eaebce0fdf05,3c93aa84-e4a3-a279-782f-7dcac68b9cb6,2024-08-17T17:31:36+00:00,9085,13283 Abel Place,Returned
0dafc13d-6ab7-d492-83de-5f72ac1fddf9,ca55074e-f67f-5cfa-aa71-9e7b4b4acb0c,2024-09-05T02:08:03+00:00,9219,34 Jemima Avenue,Delivered
fb025fc2-b499-04c6-ca80-e893d1b685d3,92bda4a7-a868-e180-e2cd-c572625361b5,2024-09-10T22:19:27+00:00,7942,7040 Dalkeith Terrace,Returned
92e1625d-5829-d638-4eec-db590a6c6e53,dae65f8f-650a-4b8a-652a-36610664eefe,2024-01-16T06:37:53+00:00,6642,3558 Lucky Lane,Returned
c7e8b1d6-864c-f710-d191-0f2070d6f895,e2bddc14-e60b-4e05-2c09-21a152a393eb,2024-05-26T00:54:06+00:00,7963,8497 Townsend Terrace,Processed
ce5516ef-9ae4-969d-237a-1d1d8cf0fa34,e60f0724-8196-526b-c5eb-d604f6172893,2024-08-16T19:20:55+00:00,2602,13501 Anniston Drive,Refunded
bd2272f0-c3c1-241c-28c9-c29875155625,474df67f-856b-aa0a-93b9-3840d171414f,2024-03-21T22:42:15+00:00,3521,7104 Marlin Place,On Hold
020d34c2-cb8f-84ef-30ab-5525edab5668,71c8af32-6066-bd87-ff61-fbcf47abf64f,2024-05-02T03:11:13+00:00,4360,507 Bernwell Court,Delivered
3001d094-46e9-38d6-4a79-da66246eed71,9ca4fb95-c2d9-4839-a38f-13bb279c950a,2024-08-16T16:37:12+00:00,2132,8869 Sherman Street,Refunded
72e102f1-7a7f-6a73-6d0c-110990217a1b,46d63d1f-dac6-953e-02b3-59a97efe1597,2024-02-07T18:39:54+00:00,1440,1410 Atala Avenue,Shipped
69b84dcc-ba46-59f0-8eb7-1a8a3141cc21,cbedc30a-6fb9-82f9-2524-983b3395b337,2023-10-27T06:26:12+00:00,6039,12502 Albany Avenue,Returned
e1881115-cbf6-dd25-6b8c-7443926da9da,4c3f1ea3-9897-3041-38f6-e4a462ca3182,2024-07-21T11:03:10+00:00,2947,752 Charo Lane,Shipped
9c98a857-2588-1a67-eea8-e8ff7424d9f6,fab849ad-d753-8b12-42c4-fd6b48da1540,2023-10-21T01:35:05+00:00,1945,162 Leigh Lane,Returned
02cdb430-294c-d755-6c8e-6120ca32dca4,ae33f164-0453-f944-ae02-04d4233e8703,2023-10-10T21:23:56+00:00,7159,2810 Oak Hammock Lane,Cancelled
633684bc-a76e-75ae-40da-2539dc86b835,b193a3de-7a87-5b1e-bd3a-738c8003d228,2024-02-23T14:48:05+00:00,7165,8155 Mccabe Street,Pending
3623c309-f9a0-3d7c-16fc-9f0d9eb2bfe0,2a291737-1980-c65a-dff3-2d44030c1633,2024-06-22T08:31:21+00:00,7852,10043 Andrew Machol Court,Refunded
8bbbc694-53c7-237e-f903-ecb6513d74cb,90fae0c1-9423-e81d-e2e0-7d20c22db018,2023-11-18T19:46:54+00:00,726,9025 Baisley Trail,Processed
1bb7d2bf-d792-4646-6f29-097cfc57246b,6d835752-84c9-56ae-1221-c8e851171979,2024-07-04T13:40:20+00:00,7470,458 Reid Road,Returned
60c48a3e-efd5-34e4-38f4-b904abd14b58,6be1c7ce-a0e4-708a-9a9e-50193b87c254,2023-11-26T04:00:17+00:00,7301,934 Sydney Court,Returned
74e11ce3-3353-b51a-b634-cfea792b012e,27290618-4d93-717e-d89b-5e9aeb99ad59,2024-02-13T05:52:47+00:00,5958,11472 Embrook Street,Returned
3f56c24f-4ca5-a72a-7045-733947662dbd,2318e571-447f-0703-7e57-fae96508ec3e,2024-06-20T10:48:01+00:00,7744,13125 Daffodil Court,Shipped
f318a7c8-ee49-1ebd-360a-faf4102ae23c,4fd75c6b-d5b8-1c7a-087c-08a89e506854,2024-05-08T17:32:28+00:00,5258,4503 Gage Street,Delivered
ac19bc70-d2a0-3e2f-2228-1788ba42ef7e,ac58d343-a3df-6cb6-88a4-dd9c4d65c876,2024-03-17T07:23:23+00:00,5142,3534 Orangeburg Terrace,Refunded
0a95c289-bbac-220a-0c47-722fb6e7f462,4742cb27-ba31-8dd4-b583-cc5aab1fbd02,2024-07-28T00:25:58+00:00,44,5292 Miragalia Lane,Pending
dc015a93-89a0-3e79-9b5d-a04bc1d137fb,c9564c18-c3f7-f350-544b-f24fe82928bd,2023-10-13T17:27:53+00:00,4074,10247 Newbridge Place,Processed
aa3a0ee4-5254-0096-779b-74c12109c217,bb7e73b3-7284-04f6-6e14-a66e81947679,2024-06-02T13:51:15+00:00,4163,9399 Florahome Way,Processed
9be107fa-2a28-1877-a8dc-8e783c4a4f65,f9beecfa-f0a8-f01b-5508-bfbb26444416,2024-08-06T01:33:17+00:00,6319,9864 Khirbat Court,Delivered
463b9ff5-6a19-9b07-983c-b71d2caa61c2,9e08f8b0-a8e6-a992-6cb9-d72602977613,2024-05-19T07:30:35+00:00,1979,14223 Tiffany Terrace,On Hold
617d03e9-90de-d531-ed3b-2f911fe40996,9eaf683a-0d18-b825-a705-d75eb8a7c09e,2024-02-14T18:09:58+00:00,3769,5012 Tinsley Terrace,Returned
67368ec6-db6f-4877-0998-6773248b908d,99797342-84f6-f082-e42c-131c5cc405e3,2024-03-22T11:35:53+00:00,9666,7569 Wentworth Lane,Shipped
d3070ccd-3dc9-fbab-c5f9-3c5dd175107e,c4da30df-5823-d6f7-049c-c94247bd5148,2024-02-14T13:57:13+00:00,7126,13389 Watch Hill Street,Shipped
2ff9f5c5-a4b8-8286-438f-e0cb878fe1e6,a68d2fc1-e248-4a8c-b999-560fc2fd08c5,2024-01-10T12:51:49+00:00,9661,13421 Zipperer Way,Cancelled
4b1ffd64-b59d-1383-3ca9-65aa26feb02e,96542b98-5caa-f86e-783e-f20296e67a5f,2024-01-03T14:23:53+00:00,1537,14383 Tuscaloosa Path,Refunded
dcf88503-40ef-07cb-5154-1dba67534cd1,45221fff-b147-b993-1e75-b364f0c96497,2024-01-14T23:11:49+00:00,4180,14751 Harleston Street,Returned
71854fd4-d36f-853e-9544-23e3d1494638,04b6f057-9c60-dc0f-463e-d9dee9af2d4e,2024-03-23T02:21:43+00:00,9947,14262 Lazy Acres Lane,Delivered
f1d8aead-1bbd-0d28-62ca-cc861af5550e,2a4f242f-bd17-329f-419e-ec7f96a3d2c5,2023-11-27T04:06:18+00:00,6222,14975 Francisco Street,Cancelled
09640e0e-4ec3-ccf8-b116-11283c198169,5df0f589-576a-c37f-4dd1-4c3f501baf8d,2024-05-03T09:48:51+00:00,9315,13698 Willow Brook Lane,Delivered
194ce2dc-a8b6-3a10-5c21-332e633596b0,2a94edd8-5103-95cb-693c-3a4459f59e57,2024-07-28T07:46:57+00:00,5572,6010 Harleyville Loop,Returned
b6c90404-f031-e3c3-cdae-36a65d1f9586,29c5dc6f-06e6-7465-5fd6-40fa3969f4c7,2023-12-04T18:55:27+00:00,1603,8097 Longbow Trail,Shipped
4634ac38-aaa4-8d87-cba3-8dab982d6b67,18531f0b-3055-12e5-dffb-a8fe3796a78a,2023-10-19T11:07:46+00:00,2806,5182 Lime Grove Lane,Shipped
8f1b6dcf-60af-e31c-0a29-29eddc012d83,f226b321-76e4-a6a3-1fec-96df8319f5d3,2024-07-31T01:54:36+00:00,3205,14599 Andrew Machol Court,Shipped
054ed19d-ea02-19f3-504a-8f755d6b296d,29a95776-34f6-6204-4f0a-e2cfb0b6259d,2024-04-01T23:25:47+00:00,7472,6018 Mir Place,Pending
294b2a8f-6761-0b79-c0a8-21bb0dd675ce,166af339-7087-f245-9981-cbbc3aee01c2,2024-09-03T02:39:31+00:00,4539,8401 Rutherford Lane,Processed
1c15ac0e-01ad-0735-a366-63d1432f7622,13b49dbd-0962-d750-4899-b34d0229338c,2023-12-31T07:23:20+00:00,2199,8251 Kingston Way,Cancelled
c5a1d357-8ffa-083d-79d6-cc286eabe6b9,122e6e33-c221-6af7-88e3-3e62195fd5a9,2024-07-24T09:26:11+00:00,1787,457 Williams Road,Shipped
4b363c32-f224-dad9-eca4-9e4700812c1d,fab0364e-0f4e-e335-40f0-dea6390a3322,2023-12-21T22:44:44+00:00,3263,9397 Calvert Terrace,Pending
fb161766-f05a-d57f-8f20-55811cd5ca10,939a508b-75bc-5864-a2ec-8899194fae31,2024-02-16T01:45:42+00:00,2895,11892 Abner Street,Refunded
f6daa5b5-2b3c-32ea-c9be-9f71c8e0c4de,51ef2439-6a1a-a100-e95d-37a90f3161c0,2024-05-02T01:00:35+00:00,3675,7658 Alan Avenue,On Hold
9ea210f1-de68-287b-c7aa-714f29d07274,3e38c009-8283-86a1-0f86-d7a767da688b,2024-02-14T01:40:47+00:00,1626,14574 Startex Street,Processed
ee390b3b-ebc3-0e88-2ed5-81d61ef1c7e3,203b65e1-0478-e9f0-0917-d2053b0bd354,2024-05-23T10:49:25+00:00,4652,2279 Pink Blossom Court,Cancelled
eef0b4ae-738e-8cda-db4e-76020000843d,aa2e3644-bc02-7d6a-9a3d-6ea7ffa8b920,2023-10-09T15:39:51+00:00,83,56 Bernhagen Road,Pending
452e0990-918b-9237-3b9b-94920738d637,7a42b406-0244-7bee-72ca-70e14252b6b4,2024-08-24T23:45:30+00:00,79,146 Berwick Terrace,Returned
c1117b77-0408-48f5-cb37-16fc0b722c28,558b2dc7-57c4-dfe3-5381-c262206bb774,2024-03-23T02:13:25+00:00,4464,12868 Wickson Court,Returned
23a24bed-ea73-3171-a459-f0eedd085f58,2e720c32-0d03-4c63-5802-7d1601544c76,2023-12-08T07:40:12+00:00,2449,10914 Lake Miona Drive,Cancelled
56167331-5a50-3838-70f1-80d60c01275a,901779f9-e7bc-bc2c-f4e6-829da3bd5fb4,2024-03-13T23:41:16+00:00,2043,1404 Hollyberry Place,On Hold
91850c3c-86ee-2e71-7561-d83039a95e94,beb9fa2d-eb1e-1166-b251-536c0fb6ed88,2024-09-10T19:34:18+00:00,8203,1431 Inlet Court,Shipped
b0ad5946-4011-5a3c-bd2c-376c370ac6b3,d59e6a50-c3f1-0f67-0ce1-c6dc9b559417,2024-08-24T23:53:46+00:00,9311,14524 Foster Place,Cancelled
9c1c30e7-5f00-c839-3841-821ea3e4bd44,7984be29-fb2d-655c-4ef4-40027912ffd9,2024-01-24T18:39:19+00:00,481,7878 Southport Street,Shipped
0d048da8-9d68-c2d8-93b3-d66101cc2a8e,9fa15f3f-75e6-438c-363a-d5fc2c5b303b,2023-09-28T19:36:11+00:00,8977,6428 Ansel Avenue,Pending
7325ac66-242f-2e42-b88d-d928557e78dc,455a2891-db8e-5075-e158-f7c0ec0d93a0,2024-03-24T19:09:17+00:00,1591,6722 Wettstein Way,Cancelled
fdfaa258-2538-3e99-b468-624a9afb84c1,aadcbd20-de0d-790b-818a-bba13c730f73,2024-07-19T15:36:16+00:00,6707,5133 Crestview Street,Processed
93f499c2-a58c-4eaa-7ef0-031c520944f4,5a786054-5f05-5b7c-a4f0-08e389499ee2,2024-02-07T15:30:38+00:00,8382,12732 Mahoney Place,Refunded
b7931f67-e197-6a22-c07e-cb4d241ebcd8,0a5af3ef-c8f4-af97-53fd-5fd6973369a6,2024-04-01T14:27:01+00:00,3325,511 Diane Street,Shipped
68dda636-a799-9d66-a346-643949d9ebf5,50b1598f-bbb4-63e7-5d6d-a46bb4ce8f64,2024-07-04T08:43:25+00:00,5232,14452 Angela Avenue,Shipped
ccb2c7d5-dd13-6f4b-c10e-2fdab74294ab,7785937b-43d0-e490-677f-f581cd868137,2024-02-19T00:57:34+00:00,8831,3438 Gulley Lane,Refunded
ebab649e-092f-f485-cbfd-c82d133a66e5,453c5e21-89d6-d511-5c99-1e6f76555cf2,2023-12-09T06:59:51+00:00,9523,8624 Orr Terrace,Refunded
6d4f4f21-d4d1-54a6-dd3a-af37b41501ac,ee54b6b9-09da-9b3f-bc81-a2041d5d786b,2024-03-07T16:01:12+00:00,4215,3916 Stonebrook Lane,Delivered
e837b945-3508-ec1f-2ad0-bfb82513caca,9fc0d5a4-0c71-fd80-32b1-30725528c514,2024-02-10T01:10:34+00:00,9192,474 Armadillo Place,Pending
0fbcb4a4-bac6-c302-5d6c-e83dcaf1af84,aa2a6526-b694-8f00-713f-381942c08172,2024-08-18T12:19:59+00:00,7067,5847 Markward Drive,Delivered
6cc7a967-3d90-6ef4-94b0-c3400b189ff3,e0add9cc-ec4e-effd-6c14-104653f8cd34,2023-11-22T09:37:20+00:00,8791,10284 Hyacinth Street,On Hold
4f031171-717b-5ae7-4e05-a555d4ef5e07,df7c30b4-e751-fef0-3ea0-ba44e621fd0a,2024-06-12T13:46:55+00:00,7231,12924 Feustel Avenue,Refunded
66054d9c-c46b-006c-0d32-5bd0e4fef740,b0f9b920-55aa-117e-4c44-2ed9a48732d9,2024-08-18T14:50:47+00:00,4143,643 Herrera Court,Cancelled
6807cb20-e5b4-fd1f-6e5a-b7e797045763,3287dad9-1ce5-0aa3-a624-851c9c4894ce,2024-03-14T05:03:00+00:00,3737,8848 Parkyn Path,On Hold
1292cebc-f253-80de-bad9-9adb2498b34c,c5a572f8-f8af-16d8-1969-e18139678a11,2024-07-13T07:33:51+00:00,6676,6603 Barraw Terrace,Processed
