OrderItemID,OrderID,ProductID,Quantity,Price
1,d2821a4b-9ad5-f369-659f-bbdccea1e586,1d4bfb4d-fccd-d0fb-4c0a-d3b2b0567806,2,607
2,d2821a4b-9ad5-f369-659f-bbdccea1e586,2f2dbbb8-b8fe-db71-df41-45588b31a321,53,897
3,d2821a4b-9ad5-f369-659f-bbdccea1e586,c6dfc6cd-3e19-c7cf-9a6a-9305561b20f3,79,366
4,d2821a4b-9ad5-f369-659f-bbdccea1e586,28952dcb-5b00-d9ba-e5bc-635cc511fa05,18,188
5,d2821a4b-9ad5-f369-659f-bbdccea1e586,85993480-4cc5-e19b-54c3-4cacefd08e43,89,485
6,d2821a4b-9ad5-f369-659f-bbdccea1e586,2376f34e-454e-fd83-39ad-2571b7d7add0,51,665
7,d2821a4b-9ad5-f369-659f-bbdccea1e586,2a81b8bf-13ea-2eb2-736c-7c7fe5482737,36,577
8,d2821a4b-9ad5-f369-659f-bbdccea1e586,a5531a71-bf64-94fc-a11a-86a4d41b3374,30,130
9,d2821a4b-9ad5-f369-659f-bbdccea1e586,a8b22adc-246f-9a09-eb20-e70812651b64,34,720
10,d2821a4b-9ad5-f369-659f-bbdccea1e586,b13ad2c2-d51f-20b4-163c-d9ce49bb9753,28,844
11,d2821a4b-9ad5-f369-659f-bbdccea1e586,b32f9cbb-85ef-91bf-8bf6-31d974f7c8a0,85,734
12,d2821a4b-9ad5-f369-659f-bbdccea1e586,87fc6670-fc94-0a36-fbac-fd12a8ea7c36,12,384
13,d2821a4b-9ad5-f369-659f-bbdccea1e586,7236df21-d7d2-255f-8de7-1d6a7ba0f514,38,57
14,d2821a4b-9ad5-f369-659f-bbdccea1e586,beac8dad-b16a-c4de-5d45-0e5a50dd86a5,55,917
15,d2821a4b-9ad5-f369-659f-bbdccea1e586,13a4d860-1461-399a-ab0e-19f152ad3a62,15,398
16,d2821a4b-9ad5-f369-659f-bbdccea1e586,0f5a26f1-051b-7a8c-7af3-8b619424f9f9,54,917
17,d2821a4b-9ad5-f369-659f-bbdccea1e586,24dabbf5-8fd3-319f-ce08-5ff2647b7b8e,49,748
18,d2821a4b-9ad5-f369-659f-bbdccea1e586,dcc5af24-1c0d-0573-8312-a1918d336392,45,463
19,d2821a4b-9ad5-f369-659f-bbdccea1e586,3e04fe9c-1006-a0b4-0531-9be0b31ff483,73,640
20,d2821a4b-9ad5-f369-659f-bbdccea1e586,2334d1f9-c0d9-62cd-e771-fd62611ad939,48,849
21,d2821a4b-9ad5-f369-659f-bbdccea1e586,fba22df9-da66-962c-6416-43cb24e703dd,88,818
22,d2821a4b-9ad5-f369-659f-bbdccea1e586,33ccc759-04f4-6f2f-1973-95d2463d2979,78,618
23,d2821a4b-9ad5-f369-659f-bbdccea1e586,16f5c7f2-069c-3d49-9857-eef14add9659,74,59
24,d2821a4b-9ad5-f369-659f-bbdccea1e586,7b6e4601-1c2c-0f65-c20b-7cbb077e4bfb,81,658
25,d2821a4b-9ad5-f369-659f-bbdccea1e586,0cba81f3-b760-8487-1e2d-b06e01800188,18,333
26,d2821a4b-9ad5-f369-659f-bbdccea1e586,3b532b33-7fd5-3b6c-57c8-c79489ee67d9,69,736
27,d2821a4b-9ad5-f369-659f-bbdccea1e586,7efbccd8-5dac-4e82-e2ab-735f4a87100a,55,103
28,d2821a4b-9ad5-f369-659f-bbdccea1e586,cbc8c3cc-ae4f-21de-28d8-7c194008e9e5,23,52
29,d2821a4b-9ad5-f369-659f-bbdccea1e586,8fccbb23-03d8-89d8-edac-7afd023a787a,11,585
30,d2821a4b-9ad5-f369-659f-bbdccea1e586,5879dbc6-dbba-77c1-f4fe-ed978811b1fd,7,402
31,d2821a4b-9ad5-f369-659f-bbdccea1e586,3e7bc408-20ed-ac8a-35b0-6f1dafb102bf,34,791
32,d2821a4b-9ad5-f369-659f-bbdccea1e586,167db41c-6cfc-b256-f420-4561ecb9327a,39,437
33,d2821a4b-9ad5-f369-659f-bbdccea1e586,acb5a420-eb73-9fc3-714f-04786e419c11,23,161
34,d2821a4b-9ad5-f369-659f-bbdccea1e586,b8263d1b-55cd-d835-4e61-124be64b9c43,69,173
35,d2821a4b-9ad5-f369-659f-bbdccea1e586,3bb79c7a-4b92-a2f7-f55b-fcf39053be79,33,56
36,d2821a4b-9ad5-f369-659f-bbdccea1e586,bfe12b73-97c7-0b88-6e85-27937dca2494,87,492
37,d2821a4b-9ad5-f369-659f-bbdccea1e586,06c2e38d-4cc0-1fad-ae7d-df95f47e77f4,11,440
38,d2821a4b-9ad5-f369-659f-bbdccea1e586,96df4519-b9f2-e6da-bd94-391f2bf603ae,12,389
39,d2821a4b-9ad5-f369-659f-bbdccea1e586,0615f4e9-0eb7-2f4e-49b6-8dc895afb56d,37,911
40,d2821a4b-9ad5-f369-659f-bbdccea1e586,3dda776e-1827-1ddc-b5a9-a3d35826976d,55,932
41,d2821a4b-9ad5-f369-659f-bbdccea1e586,e3c872f0-4b67-8144-4ff2-0b2353a428ca,9,661
42,d2821a4b-9ad5-f369-659f-bbdccea1e586,e2e81555-33d0-5871-ec84-72e2efc3fbb1,92,575
43,d2821a4b-9ad5-f369-659f-bbdccea1e586,3866b310-fb6e-e3d9-316c-71a1941d1822,99,220
44,d2821a4b-9ad5-f369-659f-bbdccea1e586,ca0da9e2-a0ec-c021-77f2-486b17f82864,11,223
45,d2821a4b-9ad5-f369-659f-bbdccea1e586,e91f4d5f-d8f7-4d6e-8871-71030be4fdcd,74,747
46,d2821a4b-9ad5-f369-659f-bbdccea1e586,2d241e10-4879-bf7b-4cba-46f6dfbb38ad,30,387
47,d2821a4b-9ad5-f369-659f-bbdccea1e586,14a86c2c-4195-55e4-5257-21f7d8950fc2,13,718
48,d2821a4b-9ad5-f369-659f-bbdccea1e586,8884272b-697c-f39a-6c30-951fd6594468,56,557
49,d2821a4b-9ad5-f369-659f-bbdccea1e586,146596a3-f2e7-243b-e6ea-9ac447e2f6b7,72,427
50,d2821a4b-9ad5-f369-659f-bbdccea1e586,032ee3bb-242b-c3cb-5008-9b04894d6b5b,47,567
51,d2821a4b-9ad5-f369-659f-bbdccea1e586,a26e05b8-92f8-3a07-7974-f922ffde4ff1,53,848
52,d2821a4b-9ad5-f369-659f-bbdccea1e586,bc3c97a4-3a82-6050-05fe-a50f4b846f1c,48,882
53,d2821a4b-9ad5-f369-659f-bbdccea1e586,f8a93c6c-08f5-10bd-80cb-01a8fff9ff12,61,647
54,d2821a4b-9ad5-f369-659f-bbdccea1e586,f761bdea-bf87-a6c3-15cd-6c0d7634383d,89,84
55,d2821a4b-9ad5-f369-659f-bbdccea1e586,98c09447-da02-9e39-7c4b-7669658e4895,41,178
56,d2821a4b-9ad5-f369-659f-bbdccea1e586,286b8b07-d8b1-42ea-25d4-701f2d50d2b7,92,993
57,d2821a4b-9ad5-f369-659f-bbdccea1e586,d2758197-820f-f047-a03d-cabb1885fcfb,74,208
58,d2821a4b-9ad5-f369-659f-bbdccea1e586,f3d3b59c-7c14-20bd-0e6b-58199ec5f626,55,615
59,d2821a4b-9ad5-f369-659f-bbdccea1e586,14b74f15-eee8-5ec0-68b8-fb03daae0f0f,8,412
60,d2821a4b-9ad5-f369-659f-bbdccea1e586,e7220cea-31c9-c035-c87a-898d0be86890,89,224
61,d2821a4b-9ad5-f369-659f-bbdccea1e586,645b89c4-4704-534b-8a96-b10c12b6ddb6,18,539
62,d2821a4b-9ad5-f369-659f-bbdccea1e586,af8ea3ea-2a71-716f-3bc5-911532f97cea,64,95
63,d2821a4b-9ad5-f369-659f-bbdccea1e586,65a2b741-4d05-6bff-ddfc-a2eee2471e53,33,773
64,d2821a4b-9ad5-f369-659f-bbdccea1e586,12811b2f-5c09-e510-aa85-fbfa17ebb1d7,35,402
65,d2821a4b-9ad5-f369-659f-bbdccea1e586,1f70aa7e-2258-b3fa-c49a-ef4b3a683e1a,58,923
66,d2821a4b-9ad5-f369-659f-bbdccea1e586,0b8085c9-da56-6e53-6996-c3ab7516e83d,53,549
67,d2821a4b-9ad5-f369-659f-bbdccea1e586,c90922ba-7169-42b3-6f66-4a354c21b9e9,92,136
68,d2821a4b-9ad5-f369-659f-bbdccea1e586,9f9c3b4e-c6b7-55b7-9148-b23ac040be7b,66,825
69,d2821a4b-9ad5-f369-659f-bbdccea1e586,92105c8f-fe8f-3841-6518-ed7c62ac8393,45,560
70,d2821a4b-9ad5-f369-659f-bbdccea1e586,739d0637-72cf-e6c0-2e8d-fadf329b78e8,27,752
71,d2821a4b-9ad5-f369-659f-bbdccea1e586,00c750a6-f240-056b-890f-b43c08475434,57,575
72,d2821a4b-9ad5-f369-659f-bbdccea1e586,f6d6f595-7547-d671-8db4-82fbda5fe268,66,817
73,d2821a4b-9ad5-f369-659f-bbdccea1e586,03115808-d100-42a2-f31d-ae80111c6908,3,740
74,d2821a4b-9ad5-f369-659f-bbdccea1e586,1b1007f0-a339-e21a-c791-1a451efb8e98,1,545
75,d2821a4b-9ad5-f369-659f-bbdccea1e586,04351abe-ea03-0b46-d022-2452b63eccfc,72,117
76,d2821a4b-9ad5-f369-659f-bbdccea1e586,6f0fac9c-1d7f-460d-1a0d-7be2c8ec9f8e,28,536
77,d2821a4b-9ad5-f369-659f-bbdccea1e586,c14fc3ed-241c-892f-fc2e-f321d7915c36,85,893
78,d2821a4b-9ad5-f369-659f-bbdccea1e586,8726d553-1666-7981-d68f-37734566c7a1,2,638
79,d2821a4b-9ad5-f369-659f-bbdccea1e586,4cee413d-7012-eea0-df96-cff6deb7dfb6,51,894
80,d2821a4b-9ad5-f369-659f-bbdccea1e586,f83a07fb-dc7c-d6b2-68c5-46182876ab99,83,572
81,d2821a4b-9ad5-f369-659f-bbdccea1e586,a4e79ac6-d7e2-9843-1474-8f5ba924832c,14,632
82,d2821a4b-9ad5-f369-659f-bbdccea1e586,d0dc11db-f38d-548d-9e35-5e5cc5cf4b9f,60,49
83,d2821a4b-9ad5-f369-659f-bbdccea1e586,5e1f8ed1-071b-4fee-28b4-d17ef40b230a,22,550
84,d2821a4b-9ad5-f369-659f-bbdccea1e586,1b4492c8-5e85-de5d-829b-e511f2d6c5b3,28,196
85,d2821a4b-9ad5-f369-659f-bbdccea1e586,9a89d200-4acd-a525-6751-e44237f62c0c,26,316
86,d2821a4b-9ad5-f369-659f-bbdccea1e586,54366c79-7a41-c9e5-fca6-bda790e2cb98,2,237
87,d2821a4b-9ad5-f369-659f-bbdccea1e586,9c64a30c-d166-cff4-b795-6acf30af185c,72,445
88,d2821a4b-9ad5-f369-659f-bbdccea1e586,833db48a-fa8a-d31a-c714-7310a3a11161,60,73
89,d2821a4b-9ad5-f369-659f-bbdccea1e586,76af78cd-5c67-4238-fa66-275e80dff4e5,45,487
90,d2821a4b-9ad5-f369-659f-bbdccea1e586,68f5040c-2207-fe6b-1293-5f7707652466,93,439
91,d2821a4b-9ad5-f369-659f-bbdccea1e586,fb9e57c7-7f45-7337-d886-165a0c5eaed8,35,509
92,d2821a4b-9ad5-f369-659f-bbdccea1e586,c1cde2dc-83b5-68e3-df0c-a9fc3ba1b199,45,859
93,d2821a4b-9ad5-f369-659f-bbdccea1e586,4d9b0792-32ec-0dd9-aea6-3a34649b44ac,56,964
94,d2821a4b-9ad5-f369-659f-bbdccea1e586,07a85645-432f-6fd7-3345-c66db6929107,26,9
95,d2821a4b-9ad5-f369-659f-bbdccea1e586,2e9fe806-e479-5842-e665-a0aaa6414109,17,163
96,d2821a4b-9ad5-f369-659f-bbdccea1e586,d21f6332-3f4d-4051-8da6-af0812e46425,26,318
97,d2821a4b-9ad5-f369-659f-bbdccea1e586,0a37109d-c905-aa88-e251-6b348fcf2a73,83,907
98,d2821a4b-9ad5-f369-659f-bbdccea1e586,41324018-33c8-e081-d0f1-15a26fa3d739,26,929
99,d2821a4b-9ad5-f369-659f-bbdccea1e586,68350af8-a968-a519-9904-674202d1586a,57,709
100,d2821a4b-9ad5-f369-659f-bbdccea1e586,cb763080-afbe-bed6-1ba7-2b03b0c6ddec,73,140
