PaymentID,OrderID,PaymentDate,Amount,PaymentMethod,Status
1,d2821a4b-9ad5-f369-659f-bbdccea1e586,2023-10-28T13:54:23+00:00,675,Debit Card,In Process
2,e860f6bb-2fe8-0f7c-f760-8080df0309a7,2024-01-26T23:09:40+00:00,508,Bank Transfer,Cancelled
3,6f089691-722a-8808-e9c9-14bcc107eaec,2023-10-15T10:18:18+00:00,13,Cheque,On Hold
4,cb645cdd-04f6-516f-3c5a-369c3f30ac4b,2024-04-22T23:12:56+00:00,939,Cryptocurrency,Refunded
5,e8f4f68a-0806-10eb-32d7-3dfc864bc66f,2023-09-26T02:57:38+00:00,161,Cheque,Failed
6,ff81ac01-108b-bd7c-ba29-c86f3d779ecb,2023-09-16T22:37:13+00:00,0,PayPal,Failed
7,72dc4e4e-b988-6890-37a1-636ab1cd6de0,2024-05-29T19:54:02+00:00,215,Cryptocurrency,Completed
8,f1f9f24a-7d3e-3a3f-aeb3-f1eda829f8c1,2024-07-24T01:22:32+00:00,341,Cryptocurrency,On Hold
9,b70acfe6-1eb9-a855-7436-a7e7bf4f4aba,2024-02-08T14:55:59+00:00,840,PayPal,Cancelled
10,c291ba44-253f-9b54-85f6-b9ac87dd9135,2024-07-10T12:16:38+00:00,780,PayPal,In Process
11,715000a0-d8b5-b236-3ad4-dd7fe70631fd,2024-03-10T06:08:56+00:00,56,Cash,Refunded
12,c64f3450-0ac0-b84f-980d-752d91c9a4fe,2023-10-05T19:05:34+00:00,179,Cheque,Cancelled
13,3b99975b-feb8-681b-062c-545919038e0d,2024-04-10T20:32:47+00:00,706,Cryptocurrency,Pending
14,d51ee294-dce2-0db0-2eaa-753d7f5f75c8,2024-04-08T14:51:55+00:00,189,Mobile Payment,Completed
15,0628dfc3-cd76-7b36-42ec-20f4a8ae320e,2024-04-24T06:33:08+00:00,879,Credit Card,Completed
16,3001a06e-496c-b07d-b19d-e8e53435c64d,2023-11-13T02:56:00+00:00,969,Cheque,Cancelled
17,6b5c1845-a932-4419-9c2c-dd5d123d0ff4,2024-03-01T03:57:20+00:00,842,Cryptocurrency,Failed
18,5606932a-034d-e622-621e-809762043107,2024-05-15T09:42:52+00:00,351,PayPal,Failed
19,1762bc4e-ff16-c50a-90b0-716a32add2cd,2024-07-30T03:35:44+00:00,588,Cheque,Cancelled
20,68d47599-68bc-1579-c6e2-97e6cacdfb3d,2024-03-23T22:42:04+00:00,286,Credit Card,On Hold
21,810aaec6-b5dc-846a-b8e9-40196d34c42c,2024-04-18T10:22:49+00:00,171,Cryptocurrency,Refunded
22,a15a7abe-2593-2d4b-f5c5-e1122e63be23,2024-02-24T09:32:40+00:00,706,Bank Transfer,Failed
23,afa73acb-fe28-83f9-056d-d7f064bca103,2024-01-19T17:27:09+00:00,899,Bank Transfer,In Process
24,3c3daa95-1d13-ddbf-6fe0-bf2a5c67502d,2024-08-22T10:27:46+00:00,465,Credit Card,Failed
25,416bfe7f-06a1-9b1d-9925-6f253130b0a3,2023-10-14T14:18:52+00:00,955,Cheque,Completed
26,af2bc71b-cc62-504e-d8b2-c8c563c20927,2023-12-08T15:03:03+00:00,406,Cash,Pending
27,4e85b063-0714-5cd7-70bb-eaebce0fdf05,2024-01-02T23:42:37+00:00,334,Cash,Refunded
28,0dafc13d-6ab7-d492-83de-5f72ac1fddf9,2023-12-18T15:57:35+00:00,411,Debit Card,Refunded
29,fb025fc2-b499-04c6-ca80-e893d1b685d3,2024-01-25T12:02:29+00:00,951,Cheque,Completed
30,92e1625d-5829-d638-4eec-db590a6c6e53,2024-01-13T15:07:18+00:00,502,Debit Card,Cancelled
31,c7e8b1d6-864c-f710-d191-0f2070d6f895,2024-08-27T00:48:51+00:00,957,Cryptocurrency,Cancelled
32,ce5516ef-9ae4-969d-237a-1d1d8cf0fa34,2024-04-29T05:24:06+00:00,435,Debit Card,Pending
33,bd2272f0-c3c1-241c-28c9-c29875155625,2024-01-10T10:10:52+00:00,137,Credit Card,In Process
34,020d34c2-cb8f-84ef-30ab-5525edab5668,2024-03-18T11:28:06+00:00,925,Debit Card,Completed
35,3001d094-46e9-38d6-4a79-da66246eed71,2024-04-21T02:45:05+00:00,588,Bank Transfer,Cancelled
36,72e102f1-7a7f-6a73-6d0c-110990217a1b,2024-01-23T15:26:58+00:00,840,Cryptocurrency,On Hold
37,69b84dcc-ba46-59f0-8eb7-1a8a3141cc21,2023-09-19T20:18:39+00:00,738,Credit Card,In Process
38,e1881115-cbf6-dd25-6b8c-7443926da9da,2024-05-07T20:16:48+00:00,236,PayPal,Cancelled
39,9c98a857-2588-1a67-eea8-e8ff7424d9f6,2024-01-26T00:05:37+00:00,639,Cryptocurrency,In Process
40,02cdb430-294c-d755-6c8e-6120ca32dca4,2024-04-14T06:45:48+00:00,491,Bank Transfer,In Process
41,633684bc-a76e-75ae-40da-2539dc86b835,2023-11-16T07:35:13+00:00,130,Cash,Completed
42,3623c309-f9a0-3d7c-16fc-9f0d9eb2bfe0,2024-04-21T07:43:58+00:00,445,Bank Transfer,In Process
43,8bbbc694-53c7-237e-f903-ecb6513d74cb,2023-10-14T17:32:41+00:00,927,Cash,Cancelled
44,1bb7d2bf-d792-4646-6f29-097cfc57246b,2023-09-17T22:06:13+00:00,228,Mobile Payment,Cancelled
45,60c48a3e-efd5-34e4-38f4-b904abd14b58,2024-03-20T19:09:30+00:00,577,Mobile Payment,Refunded
46,74e11ce3-3353-b51a-b634-cfea792b012e,2024-02-09T04:13:15+00:00,781,Debit Card,Cancelled
47,3f56c24f-4ca5-a72a-7045-733947662dbd,2023-10-12T06:34:49+00:00,980,Credit Card,Cancelled
48,f318a7c8-ee49-1ebd-360a-faf4102ae23c,2024-06-23T16:43:48+00:00,809,PayPal,Cancelled
49,ac19bc70-d2a0-3e2f-2228-1788ba42ef7e,2023-10-17T13:31:01+00:00,877,PayPal,Cancelled
50,0a95c289-bbac-220a-0c47-722fb6e7f462,2024-04-11T04:00:06+00:00,407,Bank Transfer,Refunded
51,dc015a93-89a0-3e79-9b5d-a04bc1d137fb,2024-02-29T02:22:17+00:00,322,Cash,Pending
52,aa3a0ee4-5254-0096-779b-74c12109c217,2024-04-17T07:06:42+00:00,136,Cryptocurrency,Failed
53,9be107fa-2a28-1877-a8dc-8e783c4a4f65,2024-07-03T04:41:04+00:00,400,Cheque,Failed
54,463b9ff5-6a19-9b07-983c-b71d2caa61c2,2023-10-16T22:28:35+00:00,740,Mobile Payment,On Hold
55,617d03e9-90de-d531-ed3b-2f911fe40996,2024-03-25T02:02:04+00:00,79,Mobile Payment,Completed
56,67368ec6-db6f-4877-0998-6773248b908d,2023-09-26T12:14:30+00:00,984,Cash,Failed
57,d3070ccd-3dc9-fbab-c5f9-3c5dd175107e,2024-02-17T07:14:05+00:00,104,Bank Transfer,On Hold
58,2ff9f5c5-a4b8-8286-438f-e0cb878fe1e6,2024-04-08T00:31:29+00:00,627,PayPal,On Hold
59,4b1ffd64-b59d-1383-3ca9-65aa26feb02e,2024-04-11T18:32:16+00:00,545,Cheque,Refunded
60,dcf88503-40ef-07cb-5154-1dba67534cd1,2023-12-25T22:16:01+00:00,197,Cash,Pending
61,71854fd4-d36f-853e-9544-23e3d1494638,2023-10-05T03:23:46+00:00,208,Debit Card,Pending
62,f1d8aead-1bbd-0d28-62ca-cc861af5550e,2024-05-01T16:00:04+00:00,904,Credit Card,On Hold
63,09640e0e-4ec3-ccf8-b116-11283c198169,2023-12-23T03:40:31+00:00,996,PayPal,In Process
64,194ce2dc-a8b6-3a10-5c21-332e633596b0,2024-07-03T06:01:34+00:00,850,PayPal,Cancelled
65,b6c90404-f031-e3c3-cdae-36a65d1f9586,2023-11-06T23:15:05+00:00,665,Cheque,Failed
66,4634ac38-aaa4-8d87-cba3-8dab982d6b67,2024-01-04T19:57:07+00:00,327,PayPal,On Hold
67,8f1b6dcf-60af-e31c-0a29-29eddc012d83,2024-03-27T18:39:12+00:00,273,Bank Transfer,Cancelled
68,054ed19d-ea02-19f3-504a-8f755d6b296d,2024-06-05T05:36:52+00:00,153,Credit Card,On Hold
69,294b2a8f-6761-0b79-c0a8-21bb0dd675ce,2023-11-21T14:56:10+00:00,57,Mobile Payment,Failed
70,1c15ac0e-01ad-0735-a366-63d1432f7622,2023-10-08T14:30:02+00:00,480,Cryptocurrency,Pending
71,c5a1d357-8ffa-083d-79d6-cc286eabe6b9,2023-11-03T05:10:54+00:00,99,Cryptocurrency,Completed
72,4b363c32-f224-dad9-eca4-9e4700812c1d,2024-02-10T14:49:57+00:00,34,Debit Card,Failed
73,fb161766-f05a-d57f-8f20-55811cd5ca10,2024-08-10T10:14:28+00:00,979,PayPal,Completed
74,f6daa5b5-2b3c-32ea-c9be-9f71c8e0c4de,2023-12-30T12:04:37+00:00,969,Debit Card,Refunded
75,9ea210f1-de68-287b-c7aa-714f29d07274,2023-11-16T05:38:49+00:00,122,Credit Card,Failed
76,ee390b3b-ebc3-0e88-2ed5-81d61ef1c7e3,2024-09-05T10:16:22+00:00,25,Debit Card,In Process
77,eef0b4ae-738e-8cda-db4e-76020000843d,2024-03-19T20:21:48+00:00,762,Credit Card,Refunded
78,452e0990-918b-9237-3b9b-94920738d637,2024-04-21T13:34:52+00:00,72,Cryptocurrency,Refunded
79,c1117b77-0408-48f5-cb37-16fc0b722c28,2024-04-07T17:16:14+00:00,750,Credit Card,Refunded
80,23a24bed-ea73-3171-a459-f0eedd085f58,2024-05-22T17:32:25+00:00,912,Credit Card,Cancelled
81,56167331-5a50-3838-70f1-80d60c01275a,2024-06-07T23:54:53+00:00,810,Mobile Payment,Failed
82,91850c3c-86ee-2e71-7561-d83039a95e94,2024-03-31T19:04:31+00:00,72,Cryptocurrency,Failed
83,b0ad5946-4011-5a3c-bd2c-376c370ac6b3,2024-06-03T17:37:12+00:00,291,Cryptocurrency,On Hold
84,9c1c30e7-5f00-c839-3841-821ea3e4bd44,2024-07-17T03:56:18+00:00,339,Bank Transfer,On Hold
85,0d048da8-9d68-c2d8-93b3-d66101cc2a8e,2024-06-27T06:21:20+00:00,904,Cash,In Process
86,7325ac66-242f-2e42-b88d-d928557e78dc,2024-02-15T13:37:49+00:00,127,Mobile Payment,On Hold
87,fdfaa258-2538-3e99-b468-624a9afb84c1,2024-07-03T07:45:52+00:00,306,Bank Transfer,Completed
88,93f499c2-a58c-4eaa-7ef0-031c520944f4,2024-02-03T13:23:07+00:00,868,Bank Transfer,On Hold
89,b7931f67-e197-6a22-c07e-cb4d241ebcd8,2024-04-01T21:27:29+00:00,397,Cryptocurrency,In Process
90,68dda636-a799-9d66-a346-643949d9ebf5,2024-07-09T05:09:08+00:00,547,Credit Card,On Hold
91,ccb2c7d5-dd13-6f4b-c10e-2fdab74294ab,2023-11-05T06:02:57+00:00,871,Mobile Payment,Completed
92,ebab649e-092f-f485-cbfd-c82d133a66e5,2024-02-02T11:54:30+00:00,751,Cheque,Pending
93,6d4f4f21-d4d1-54a6-dd3a-af37b41501ac,2024-02-07T21:07:57+00:00,905,Bank Transfer,Refunded
94,e837b945-3508-ec1f-2ad0-bfb82513caca,2024-07-02T00:43:06+00:00,142,Bank Transfer,Cancelled
95,0fbcb4a4-bac6-c302-5d6c-e83dcaf1af84,2024-03-07T01:25:31+00:00,405,PayPal,Refunded
96,6cc7a967-3d90-6ef4-94b0-c3400b189ff3,2024-05-15T01:56:45+00:00,620,PayPal,Pending
97,4f031171-717b-5ae7-4e05-a555d4ef5e07,2024-06-17T22:01:08+00:00,619,Cryptocurrency,On Hold
98,66054d9c-c46b-006c-0d32-5bd0e4fef740,2023-11-23T07:31:31+00:00,606,Debit Card,On Hold
99,6807cb20-e5b4-fd1f-6e5a-b7e797045763,2024-03-02T09:12:53+00:00,308,Cryptocurrency,Failed
100,1292cebc-f253-80de-bad9-9adb2498b34c,2023-11-25T08:11:39+00:00,774,PayPal,On Hold
