ProductID,ProductName,Category,Price,StockQuantity
1d4bfb4d-fccd-d0fb-4c0a-d3b2b0567806,Kindle Paperwhite,Health,4637,5313
2f2dbbb8-b8fe-db71-df41-45588b31a321,DJI Mavic Air 2,Pet Supplies,819,3364
c6dfc6cd-3e19-c7cf-9a6a-9305561b20f3,Dyson V11,Sporting Goods,7693,6462
28952dcb-5b00-d9ba-e5bc-635cc511fa05,Wacom Intuos Pro,Cleaning Supplies,8131,8331
85993480-4cc5-e19b-54c3-4cacefd08e43,Apple MacBook Air,Personal Care,7141,3275
2376f34e-454e-fd83-39ad-2571b7d7add0,SteelSeries Apex Pro,Music,7904,3910
2a81b8bf-13ea-2eb2-736c-7c7fe5482737,Philips Hue Bridge,Music,5019,9368
a5531a71-bf64-94fc-a11a-86a4d41b3374,DJI Mavic Air 2,Electronics,6452,134
a8b22adc-246f-9a09-eb20-e70812651b64,iRobot Roomba 980,Automotive,3404,7704
b13ad2c2-d51f-20b4-163c-d9ce49bb9753,HyperX Cloud II,Furniture,102,7684
b32f9cbb-85ef-91bf-8bf6-31d974f7c8a0,GoPro HERO9,Garden,5676,2942
87fc6670-fc94-0a36-fbac-fd12a8ea7c36,Samsung Q950TS,Cleaning Supplies,1324,2137
7236df21-d7d2-255f-8de7-1d6a7ba0f514,Wacom Intuos Pro,Home Appliances,3256,5805
beac8dad-b16a-c4de-5d45-0e5a50dd86a5,Asus ROG Swift PG27UQ,Music,8632,2363
13a4d860-1461-399a-ab0e-19f152ad3a62,Razer Viper,Personal Care,1333,8751
0f5a26f1-051b-7a8c-7af3-8b619424f9f9,Razer Viper,Furniture,4073,5255
24dabbf5-8fd3-319f-ce08-5ff2647b7b8e,PlayStation 5,Pet Supplies,3436,1461
dcc5af24-1c0d-0573-8312-a1918d336392,Canon EOS R5,Furniture,4569,7180
3e04fe9c-1006-a0b4-0531-9be0b31ff483,iRobot Roomba 980,Music,4159,3530
2334d1f9-c0d9-62cd-e771-fd62611ad939,Google Nest Hub,Garden,6483,4757
fba22df9-da66-962c-6416-43cb24e703dd,Kindle Paperwhite,Automotive,4232,5028
33ccc759-04f4-6f2f-1973-95d2463d2979,Asus ROG Swift PG27UQ,Personal Care,8681,6628
16f5c7f2-069c-3d49-9857-eef14add9659,Wacom Intuos Pro,Office Supplies,5772,8277
7b6e4601-1c2c-0f65-c20b-7cbb077e4bfb,Samsung Galaxy Tab S7,Beauty,2203,612
0cba81f3-b760-8487-1e2d-b06e01800188,Fitbit Charge 4,Games,8509,2384
3b532b33-7fd5-3b6c-57c8-c79489ee67d9,GoPro HERO9,Office Supplies,3429,7705
7efbccd8-5dac-4e82-e2ab-735f4a87100a,Apple MacBook Air,Food,1490,9171
cbc8c3cc-ae4f-21de-28d8-7c194008e9e5,Samsung Q950TS,Groceries,2608,6590
8fccbb23-03d8-89d8-edac-7afd023a787a,Asus ROG Swift PG27UQ,Games,6103,8954
5879dbc6-dbba-77c1-f4fe-ed978811b1fd,Galaxy S21,Footwear,3932,52
3e7bc408-20ed-ac8a-35b0-6f1dafb102bf,Samsung Galaxy Tab S7,Garden,3383,818
167db41c-6cfc-b256-f420-4561ecb9327a,Wacom Intuos Pro,Food,4011,7884
acb5a420-eb73-9fc3-714f-04786e419c11,GoPro HERO9,Sporting Goods,7768,1900
b8263d1b-55cd-d835-4e61-124be64b9c43,Roku Streaming Stick,Music,7570,1165
3bb79c7a-4b92-a2f7-f55b-fcf39053be79,GoPro HERO9,Garden,8881,3449
bfe12b73-97c7-0b88-6e85-27937dca2494,Dyson V11,Games,523,2165
06c2e38d-4cc0-1fad-ae7d-df95f47e77f4,Sonos Beam,Food,1078,6632
96df4519-b9f2-e6da-bd94-391f2bf603ae,Dyson V11,Fashion,8552,6465
0615f4e9-0eb7-2f4e-49b6-8dc895afb56d,DJI Mavic Air 2,Games,1396,3801
3dda776e-1827-1ddc-b5a9-a3d35826976d,Sonos Beam,Pet Supplies,6205,3128
e3c872f0-4b67-8144-4ff2-0b2353a428ca,Bose QuietComfort 35,Footwear,4861,2862
e2e81555-33d0-5871-ec84-72e2efc3fbb1,Galaxy S21,Jewelry,6765,7222
3866b310-fb6e-e3d9-316c-71a1941d1822,GoPro HERO9,Beauty,4335,7488
ca0da9e2-a0ec-c021-77f2-486b17f82864,Alienware Aurora R12,Home Appliances,2451,108
e91f4d5f-d8f7-4d6e-8871-71030be4fdcd,Bose QuietComfort 35,Baby Products,670,1037
2d241e10-4879-bf7b-4cba-46f6dfbb38ad,Wacom Intuos Pro,Tools,198,2863
14a86c2c-4195-55e4-5257-21f7d8950fc2,Apple MacBook Air,Cleaning Supplies,3244,9346
8884272b-697c-f39a-6c30-951fd6594468,iRobot Roomba 980,Music,7091,2256
146596a3-f2e7-243b-e6ea-9ac447e2f6b7,BenQ HT2050A,Movies,9049,3830
032ee3bb-242b-c3cb-5008-9b04894d6b5b,Razer Viper,Music,3230,5915
a26e05b8-92f8-3a07-7974-f922ffde4ff1,SteelSeries Apex Pro,Automotive,3833,8859
bc3c97a4-3a82-6050-05fe-a50f4b846f1c,NVIDIA RTX 3080,Cleaning Supplies,3432,1351
f8a93c6c-08f5-10bd-80cb-01a8fff9ff12,Galaxy S21,Cleaning Supplies,6648,1536
f761bdea-bf87-a6c3-15cd-6c0d7634383d,Wacom Intuos Pro,Cleaning Supplies,7315,7338
98c09447-da02-9e39-7c4b-7669658e4895,Nest Thermostat,Office Supplies,8652,8959
286b8b07-d8b1-42ea-25d4-701f2d50d2b7,Sonos Beam,Automotive,7530,7768
d2758197-820f-f047-a03d-cabb1885fcfb,Apple MacBook Air,Movies,6907,1475
f3d3b59c-7c14-20bd-0e6b-58199ec5f626,Canon EOS R5,Fashion,2755,4861
14b74f15-eee8-5ec0-68b8-fb03daae0f0f,SteelSeries Apex Pro,Automotive,8897,3810
e7220cea-31c9-c035-c87a-898d0be86890,HyperX Cloud II,Health,3317,3883
645b89c4-4704-534b-8a96-b10c12b6ddb6,Bose QuietComfort 35,Automotive,7758,424
af8ea3ea-2a71-716f-3bc5-911532f97cea,Lenovo ThinkPad X1,Jewelry,1957,2668
65a2b741-4d05-6bff-ddfc-a2eee2471e53,Alienware Aurora R12,Automotive,9789,7706
12811b2f-5c09-e510-aa85-fbfa17ebb1d7,SteelSeries Apex Pro,Pet Supplies,3262,3259
1f70aa7e-2258-b3fa-c49a-ef4b3a683e1a,Echo Dot (4th Gen),Automotive,2633,6487
0b8085c9-da56-6e53-6996-c3ab7516e83d,Roku Streaming Stick,Furniture,2127,3133
c90922ba-7169-42b3-6f66-4a354c21b9e9,Philips Hue Bridge,Electronics,8493,8091
9f9c3b4e-c6b7-55b7-9148-b23ac040be7b,Roku Streaming Stick,Electronics,4055,5286
92105c8f-fe8f-3841-6518-ed7c62ac8393,Kindle Paperwhite,Garden,5156,4865
739d0637-72cf-e6c0-2e8d-fadf329b78e8,Bose QuietComfort 35,Books,4072,334
00c750a6-f240-056b-890f-b43c08475434,Apple MacBook Air,Games,5235,9507
f6d6f595-7547-d671-8db4-82fbda5fe268,Galaxy S21,Electronics,6152,5015
03115808-d100-42a2-f31d-ae80111c6908,Echo Dot (4th Gen),Tools,7454,455
1b1007f0-a339-e21a-c791-1a451efb8e98,Alienware Aurora R12,Games,1895,7719
04351abe-ea03-0b46-d022-2452b63eccfc,HyperX Cloud II,Furniture,9210,1381
6f0fac9c-1d7f-460d-1a0d-7be2c8ec9f8e,Google Nest Hub,Personal Care,417,4308
c14fc3ed-241c-892f-fc2e-f321d7915c36,Wacom Intuos Pro,Personal Care,5242,7363
8726d553-1666-7981-d68f-37734566c7a1,Ring Video Doorbell,Movies,1316,9644
4cee413d-7012-eea0-df96-cff6deb7dfb6,Alienware Aurora R12,Furniture,9309,7580
f83a07fb-dc7c-d6b2-68c5-46182876ab99,Alienware Aurora R12,Books,9372,4351
a4e79ac6-d7e2-9843-1474-8f5ba924832c,Alienware Aurora R12,Office Supplies,2448,8500
d0dc11db-f38d-548d-9e35-5e5cc5cf4b9f,Anker PowerCore 10000,Garden,6581,6231
5e1f8ed1-071b-4fee-28b4-d17ef40b230a,Echo Dot (4th Gen),Cleaning Supplies,4461,8441
1b4492c8-5e85-de5d-829b-e511f2d6c5b3,HyperX Cloud II,Music,7090,1318
9a89d200-4acd-a525-6751-e44237f62c0c,PlayStation 5,Fashion,7426,1815
54366c79-7a41-c9e5-fca6-bda790e2cb98,Nest Thermostat,Toys,2187,4209
9c64a30c-d166-cff4-b795-6acf30af185c,Google Nest Hub,Movies,3843,6362
833db48a-fa8a-d31a-c714-7310a3a11161,Wacom Intuos Pro,Jewelry,4258,3377
76af78cd-5c67-4238-fa66-275e80dff4e5,Apple MacBook Air,Food,3788,6947
68f5040c-2207-fe6b-1293-5f7707652466,Asus ROG Swift PG27UQ,Electronics,8951,8180
fb9e57c7-7f45-7337-d886-165a0c5eaed8,Echo Dot (4th Gen),Pet Supplies,6324,6855
c1cde2dc-83b5-68e3-df0c-a9fc3ba1b199,Canon EOS R5,Cleaning Supplies,234,3134
4d9b0792-32ec-0dd9-aea6-3a34649b44ac,Echo Dot (4th Gen),Automotive,4494,8819
07a85645-432f-6fd7-3345-c66db6929107,Ring Video Doorbell,Garden,1090,3501
2e9fe806-e479-5842-e665-a0aaa6414109,Asus ROG Swift PG27UQ,Music,7837,4241
d21f6332-3f4d-4051-8da6-af0812e46425,GoPro HERO9,Books,4395,8595
0a37109d-c905-aa88-e251-6b348fcf2a73,iRobot Roomba 980,Tools,6483,4900
41324018-33c8-e081-d0f1-15a26fa3d739,SteelSeries Apex Pro,Games,4300,9950
68350af8-a968-a519-9904-674202d1586a,HyperX Cloud II,Personal Care,1542,8917
cb763080-afbe-bed6-1ba7-2b03b0c6ddec,Philips Hue Bridge,Sporting Goods,8218,8353
